Temp Change max 2012-2022,Disaster Affected Population 2020-2025,Disaster Damage US$T 2020-2025,Undernourishment (%),Renewable Freshwater per Capita (m3),Population below Poverty Line (%),Health Expenditure per Capita (US$),RoW Health Expenditure (%),No Education (%),Education Expenditure (US$M),Crime Rate,Government Debt (% of GDP),Total Reserves (% of External Debt),Gini Coefficient,Inflation (%),Youth Unemployment (%),Renewable Energy Consumption (%),Secure Internet Servers,Future Conflict Risk,Current Conflict Intensity,COVID-19 Expenditure per Capita (US$),pol_PC1,pol_PC2,pol_PC3,pol_PC4,pol_PC5,pol_PC6,water_air_PC1,water_air_PC2,water_air_PC3,disease_PC1,disease_PC2,disease_PC3,disease_PC4
2.012,13016058.0,0.0,30.4,1178.73785900005,23.30423459743635,81.0,8.0,58.38,819.55782,7.08,113.7335,74.99912092488255,36.10243793933487,24.11295927248916,17.291,20.0,43.758544404586,0.922130286693573,335.0,2.0,4.228876895203284,0.05094317259280073,1.0856482187425875,-0.1574025019271455,0.4514145737026474,-0.5051439959796893,1.6538168451899482,-0.5517842691557506,0.3440336064904591,0.0901440792196432,-0.3505638388601581,-0.636542484866826,-0.23571214001012808
1.752,4544311.0,0.0,23.2,4285.82651976205,23.30423459743635,101.0,7.0,23.932941176470585,3047.73855,5.29,113.7335,21.9148430807675,36.10243793933487,13.6441017767715,28.075,52.9,40.2177899448233,0.346535325050354,0.0,2.0,1.9996076827075548,0.3621791685389494,-0.4496132923981809,-0.23102840152318924,-0.0062198410313373245,-0.3908471666796743,0.8243213035235383,-0.09301498216928783,-0.40967836466600965,1.9927971091814816,-0.40428545849775926,0.06953939098827801,-0.5402312113085556
2.028,84.0,0.0,4.5,9567.2814623074,23.13888888888889,414.0,0.0,3.28,470.23552,5.63,59.811,50.9695824839935,40.79444444444445,4.75976421930107,24.817,41.9,1220.33290943972,0.0074432282708585,0.0,80.5,-0.5323947298785345,-0.7578207885387706,0.06704498612908474,0.5868106300881429,-0.23479230337671259,0.10406787018077396,-0.5780452816206114,-0.17616209816784262,0.0800518427719312,-1.0544800258749445,-0.05541092775277797,0.3110294541763529,0.2610797756675886
3.243,114957.26086956522,13714916717.391304,2.609090909090909,4027.35950181206,12.5125,3.192,0.0769230769230769,3.0647916666666664,96.51866,2.96,70.51808108108109,57.46786040071886,31.228125,6.103606251565688,12.841734693877552,18.4,14618.5811813595,0.036854080283083,27.84,281.2068965517241,-3.510616859910032,0.5533222062958766,-0.4198294546559589,0.21935539557180056,-0.11868602585711337,0.035243777446778396,-1.481278765399804,0.29575277616152196,-0.30004064226193194,-2.077184620532607,0.3330921805743133,-0.4974544577573049,-0.18904359325020983
1.699,346.0,0.0,2.7,15.6655476591912,12.5125,2.315,0.0769230769230769,9.72,28330.64042744186,5.75,32.436,57.46786040071886,31.228125,1.62670837213248,6.467,1.0,2119.66117852284,0.0098095657303929,0.0,379.0,-1.479101226398097,2.4889317344136233,0.023828573992955467,0.8469048347495751,0.35694418933025,-0.04804374862863753,-1.4435302166910804,0.43028045678664467,-0.053020849986734675,-0.416270880244424,-0.2695043441737553,1.131574539905035,0.0003185768363891854
1.123,979425.0,938469000.0,3.2,6444.16907637027,23.8,1.371,0.0,0.93,35105.55042,4.38,57.86857894736842,14.8648653848381,42.4,6.545593716414948,17.946,9.2,5451.20150353984,0.0277565307915211,0.0,80.5,0.06477718451228752,-1.2985867989553588,-0.029063446639925515,-0.0658612195902083,-0.021547715180262345,0.16411886867226366,-0.9883382313494438,-0.11274781338880309,-0.34903808156806837,-0.9687671585690475,0.07617434987471958,0.15099183091795657,-0.37715778979959524
2.772,21265.0,0.0,2.5,2315.43057759174,18.3,675.0,0.0,0.6,312.11636,3.26,57.86857894736842,23.0052590584504,27.9,1.98041877615554,26.135,9.1,1166.53850011702,0.251416832208633,20.0,56.0,-0.08462294338515294,-0.8476325189710139,0.8945803641816301,0.13357424506561888,0.2677607032935175,-0.06094004947087407,-0.47607892814802805,0.1298067797374378,0.6872412663971613,-0.7841269661259873,-0.12490048221651204,0.36246227861424696,0.2854341718347216
1.131,525404.3684210526,783647526.3157895,5.556756756756757,563.081354427227,23.13888888888889,1.085,0.0,7.609642857142858,9814.788208260868,3.34,57.86857894736842,36.86358520448992,40.79444444444445,5.06713865364213,20.80461538461539,0.9,803.720690985469,0.0,0.0,80.5,-1.5786991859983488,-0.2552341159639622,-0.45603992165275725,0.055407039314959695,-0.2650851449117124,-0.12345599387093904,-0.8922315168880028,-0.09265147360919111,-0.250677437860772,-0.3588193170522307,-0.1384011017783771,-0.149787220606621,-0.05967157444820219
1.499,290558.0,17135351000.0,2.5,19154.841666546,12.5125,6.731,0.0,0.72,68159.44641,4.0,49.009,57.46786040071886,31.228125,5.5970149253731,8.375,12.3,47567.6309507787,0.0069479513913393,0.0,707.0,-4.084995202619118,0.3258889940747224,0.5129938045710773,-0.12911314471462573,-0.056933682123028614,-0.2835617526428184,-1.573866501026407,0.42296734383403284,-0.22195593016214754,-1.9895803172392776,0.3082098920183339,-0.4023114927521064,-0.16385358194882263
2.524,2220.0,0.0,2.5,6141.27363538946,12.5,5.852,0.0,1.29,22413.54147,4.04,77.545,57.46786040071886,30.7,7.81413417002832,10.98,36.0,42281.0014410145,0.006267050281167,0.0,681.0,-3.477597601229956,0.07706880972377063,0.39501370058763885,-0.17018150495655215,-0.20650814074598303,0.2504513452195449,-1.5547736141001998,0.5077898294027791,-0.06624210184819702,-2.0934344129192097,0.35549107852997425,-0.6139932279066208,-0.15165322259932426
2.24,9545326.538461538,5920046692.307693,2.5,800.473477842717,23.163636363636364,304.0,0.5,17.811481481481483,1010.94115,5.08,42.16190476190476,52.9787548207725,36.409090909090914,8.78543049849081,13.751,1.3,549.736368813028,0.89557671546936,442.0,25.5,1.7616425553022086,1.053669669749085,0.3326573579832301,0.7277658849951785,-0.5307869928578709,0.11048877276078245,-0.47391592737598653,-0.09878082251672372,0.1632699150659047,-0.33224936444590486,-0.28827091118631076,0.5117055018457987,0.5019462073587468
1.5401111111111117,341113.0,0.0,23.085714285714285,775.906424142691,42.82,25.0,0.0,50.43,151.06518,4.51,44.00633333333334,27.2715327193222,37.09,26.9414835762453,1.684,83.1,10.2999024796467,0.662738680839539,123.0,3.5454545454545454,3.143938781588217,0.2467657613812084,0.12654604235264255,0.18734202574079584,-0.3149249242178549,-0.06604255300614388,2.163824367546097,-0.2684563759277753,-0.21667598521911982,1.7574645561447102,-0.5928012099294451,-0.6543273274403202,-0.6773308047582135
2.807,4950.0,2248973000.0,2.5,1035.71534917201,9.2,5.405,0.0,4.67,32304.33574,4.34,105.171,57.46786040071886,26.6,4.04901077613941,16.122,11.7,33643.2314340463,0.0286163799464703,2.0,235.0,-3.03139156646394,-0.09468500514876614,0.556496439787028,-0.32829836722884315,0.1079761478584718,0.00514533363379764,-1.5808850862738844,0.5332578548652257,-0.0751439975668698,-2.059960094999971,0.3908937865909915,-0.5638054742303592,-0.15012254141547773
1.522,115850.0,0.0,10.3,767.887854377449,33.5,34.0,0.0,53.91,449.07832,5.25,44.00633333333334,28.009489449276924,34.4,2.73102465280233,3.116,54.5,12.4016425727555,0.435964912176132,46.0,3.5454545454545454,0.8356346596529107,0.7590008354483662,-0.0578006722134793,-0.460429415746833,-0.022015366704749094,-0.14641940970098152,2.4782186801368438,-0.3065215487438932,0.2901143682631336,2.0349846612473934,-0.6948091443142933,-1.5624351120666047,-0.36673511416640187
1.624,6515453.0,0.0,15.4,568.304701157428,40.5,57.0,0.0,39.96952380952381,794.00617,5.49,44.00633333333334,28.009489449276924,37.4,0.742910428668841,8.403,71.2,22.583386549057,0.968952715396881,6109.0,1.0,2.1293237726970595,0.6038057782354829,1.2865826808421166,-0.6156399209227807,0.3651838754753185,-0.2736630359642902,3.3594682806999834,0.5598978565876244,-0.023814195645005927,1.759106492355311,-0.7234778945516415,-0.9688227676883209,0.35880214679132744
1.337,70515946.0,3087163000.0,11.9,626.271726752946,23.163636363636364,61.0,3.0,31.88,10033.61176352941,4.98,42.16190476190476,50.4664939478855,36.409090909090914,9.8835030377921,10.895,25.0,388.168008314603,0.373250156641006,12.0,25.5,2.1049172206050346,0.4529567020830646,0.07380262775699581,-0.21235550411584264,-0.2775501235764802,0.3447041210173316,0.6193013516486717,-0.18363549132462784,0.7591028848287924,0.2847479009317778,-0.3905198073235872,-1.365172936746974,0.029869527365560786
2.192,15462.0,48935000.0,2.5,3053.32723249473,15.8,1.011,0.0,2.37,2412.53529,5.43,32.918,57.46786040071886,39.0,9.44284140088564,12.048,20.4,54104.3676383629,0.0093755591660738,0.0,144.0,-0.8290358077656751,-0.7852825497179589,-0.017216711846445524,0.38208202418236975,-0.27804981671661366,-0.16422074114251053,-0.6518252095512969,0.46507241520227127,0.9900555835543926,-1.009004667590772,-0.06241432643371273,0.47769801580906107,0.21288064025995565
2.464,114957.26086956522,13714916717.391304,2.609090909090909,2.65892918274488,12.5125,1.111,0.0769230769230769,28.89,824.59461,4.83,70.51808108108109,57.46786040071886,31.228125,0.0746206782192256,5.519,0.0,5578.10456045081,0.0395015217363834,0.0,281.2068965517241,-0.1194370285356127,2.005421850008062,0.7305182840597999,0.803936480672682,-0.10996041808321125,-0.3453160435168573,-1.2768742347380748,0.5227539340656168,0.29573922147506454,-1.0575439273175153,-0.016666981301788234,-0.3058925389782745,0.09306823918112958
1.611,525404.3684210526,783647526.3157895,5.556756756756757,1766.01332583198,23.13888888888889,2.341,0.0,7.609642857142858,9814.788208260868,3.79,57.86857894736842,36.86358520448992,40.79444444444445,3.05291578969743,18.127,1.1,6434.00761065492,0.0057594920508563,0.0,80.5,-1.6887355706904794,-0.30541968695880667,-0.6891442050152552,-0.40054853791889355,0.6632540215413356,-0.22213835306539104,-0.9365740284439743,-0.10398459118362317,-0.2923865701281784,-0.40483507252191947,0.05355206851840695,0.23074049518843404,0.2251205941830489
2.275,284050.0,27070000.0,2.5,10940.2210910821,23.13888888888889,667.0,0.0,7.609642857142858,9814.788208260868,5.89,32.215,68.532636026307,40.79444444444445,6.1059011284828,27.27,36.6,5345.87433317855,0.0113722626119852,0.0,38.0,0.6325257146868157,-1.1550467553249049,0.1829005486597167,0.43162259818713233,0.012424941417533846,-0.36256804556968075,-0.4083813348397058,0.24478584973980103,0.9712635108752278,-1.1247747483850927,-0.030377051332124094,0.33779540888961623,0.17661145018449279
3.51,420.0,0.0,2.5,3654.89807402996,23.163636363636364,529.0,0.5,17.811481481481483,2624.13606,5.08,40.72,20.2256790754571,36.409090909090914,5.0005990309131,10.472,8.2,11946.8772968583,0.009058054536581,0.0,25.5,2.8337479996963504,0.521593906965244,-0.3162551747108338,0.2357970551845273,0.6345756901467061,-0.0516116944475409,-0.8342480063807028,0.3856926811484313,0.6558270670168601,-1.2444796170850687,0.0931121464957511,0.24704817687718483,0.11276813301767087
1.716,232962.0,104116000.0,4.6,38599.1005347215,12.5125,297.0,0.0769230769230769,0.09,133.30812,4.64,70.51808108108109,28.9409853019919,31.228125,4.38984017487675,18.774,26.6,405693.422134437,0.0068875490687787,0.0,281.2068965517241,-0.06848451029084397,-1.0045113704316146,-0.7261104560259208,-0.05507566026935528,-0.08296937284787005,-0.09980855371220913,-1.2487368005325128,0.5071729607421397,0.08188937417927718,-0.18296963484878714,-0.14816875776964328,0.10428673168287349,0.5299180486868154
1.533,3031691.0,11773000.0,23.0,25424.3819403955,23.0,307.0,0.5,9.82,10033.61176352941,4.3,42.16190476190476,29.5163042137281,40.9,2.57688800489192,4.958,12.8,326.60471004991,0.047889269888401,1.0,25.5,1.9701011353583566,0.16545501371856872,-0.580684856240774,-0.460835804381601,-0.18094170809658772,0.16587545453190342,-0.26377131369105017,-0.4748389643380312,-0.3573413624011476,0.20687141077528012,-0.3352618707094789,-0.25799144733931695,-0.28374090775473876
1.517,5703477.0,17426203000.0,3.9,27014.9943096715,28.9,849.0,0.0,9.6,130423.56723,6.5,84.675,63.3754131135017,52.9,4.59356282283204,17.938,46.5,5628.66295682819,0.989788234233856,2458.0,80.5,0.2309701395790799,-1.2784428077105394,0.257344281483272,-0.009442487694116328,-0.12916447410957874,0.051783049398088164,-1.2344780137035019,0.2537464784154781,-0.17314699267787492,0.16351561606960918,-0.3047020454482953,0.5549589923163404,-0.3224417688410142
0.868,5793.0,0.0,3.5,283.540140423255,23.13888888888889,1.302,0.0,0.22,210.89612,3.21,57.86857894736842,36.86358520448992,40.79444444444445,9.79207077126447,24.582,5.5,1059.02187464581,0.0022919254843145,0.0,80.5,-2.363240694545447,-0.5433041290781363,-0.5711630032748385,-0.2944884192113352,0.44560996848064965,-0.387827586263017,-0.7070225370822891,-0.09139428365561304,0.00566248256593846,-0.7120130091445043,0.06414484315432471,0.11576468453648744,0.09132871164574065
1.783,525404.3684210526,783647526.3157895,5.556756756756757,18816.9246061175,23.13888888888889,666.0,0.0,21.11,9814.788208260868,2.76,57.86857894736842,36.86358520448992,40.79444444444445,0.35706431153689,18.498,0.0,8774.3954121264,0.0045349821448326,0.0,80.5,-2.3505994243112927,1.002212416349098,-0.3737059046504108,1.3221883642076995,0.705634659273976,-0.16150713822416338,-1.1459012412249094,-0.12855074571966751,-0.540853824048848,-0.9836684286052716,-0.054307717599933705,1.0877810296850732,-0.1641228992257549
1.707,500.0,0.0,2.609090909090909,100587.793800181,12.5125,154.0,0.0769230769230769,3.0647916666666664,156.0018,3.69,70.51808108108109,32.1091511434103,31.228125,4.22934419929261,14.939,81.8,1227.13429172733,0.0068239793181419,0.0,281.2068965517241,-1.81536791207886,-0.22828519811462644,-0.6165583026597017,0.12736003269366747,1.3826094450120292,0.250238623302602,-0.36035734208683634,0.12063742932910058,0.08043344981581951,-0.22117795476745786,-0.22136619584479586,-1.7897708672687878,1.5914720317316382
1.546,147000.0,0.0,24.3,999.399943617187,23.30423459743635,478.0,7.0,9.83,3047.73855,3.71,113.7335,240.386165072405,36.10243793933487,5.0676154934383,44.361,27.4,441.085635122996,0.0107324551790953,0.0,2.0,-1.8040998949799258,-0.4205382196619821,-0.46381899220590866,0.3406521311203128,0.19422835707309252,-0.20136454383682828,0.5420647901293775,-0.04467283799593905,-0.8899168172464588,1.9027212486129506,4.832980777624701,-0.5095708634093715,-0.14509958021946004
1.268,2382410.0,0.0,23.5,27581.6200778545,65.7,48.0,0.0,51.59,800.4773138095237,7.04,44.00633333333334,43.2092943843669,43.0,2.97913852618937,9.397,90.9,2.5230857493982,0.929931342601776,421.0,3.5454545454545454,3.9916764884089035,-0.1620408953306321,0.7785763961846208,-0.4240011220498032,0.17194962571281147,-0.19067055270762895,4.969506230294173,1.0459471200226926,0.05698713879126123,3.704725612848832,-0.5862478160898651,0.234431171444319,-1.0700921419367015
2.515,129456.0,5900201000.0,2.5,74529.5537661954,12.5125,6.255,0.0,0.67,28330.64042744186,3.66,107.495,57.46786040071886,31.228125,3.87900159788426,10.806,23.8,42549.8820245849,0.0104948151856661,0.0,741.0,-3.828280909644343,0.21823644435911882,0.46978765337443035,-0.18732456127842784,0.021836345543045615,-0.10760661019866638,-1.67919316619643,0.5077970786980727,-0.22755665342048584,-1.9064607044444866,0.34959294176797834,-0.2417964974239256,-0.1861708072704841
2.798,15013.0,0.0,2.5,4641.25297287188,12.5125,10.963,0.0,1.61,34882.73526,4.34,33.317,57.46786040071886,31.228125,2.13540088016377,7.869,27.7,163635.101477899,0.0060373242013156,0.0,281.2068965517241,-4.526762122848329,0.5091630894071552,0.435019724337945,-0.1683989122277771,0.13144271682649378,0.17092903580603708,-1.5946699426078144,0.4494634382048679,-0.208010219087608,-2.1025978998961508,0.3915449005764704,-0.6717082634916433,-0.1307325890908906
1.022,145928.0,2961785000.0,2.5,45486.4724258948,12.5125,1.547,0.0769230769230769,2.57,15014.3391,4.6,39.413,57.46786040071886,31.228125,7.58168251407969,21.973,24.2,12299.9658931976,0.0164577160030603,0.0,88.0,-2.1705901220992754,-0.3555931712029692,0.5927859611433808,-0.15432872475329917,0.08296631557536924,-0.15007072438817973,-1.4806115715697727,0.5110751118147114,0.020632577029226582,-1.370024390343816,0.21257997312329674,-0.056963173222251716,-0.4403059831125673
1.906,42164142.0,102133066000.0,2.5,1991.63102891614,19.0,672.0,0.0,5.35,10033.61176352941,6.01,84.381,125.825492388705,35.7,0.234836828893051,15.745,15.2,1508.37096213963,0.175087600946426,1.0,25.5,0.8425604222794636,1.616778325777045,0.3102440335495727,0.6403198698457302,0.48325211393449596,0.4400192079033724,0.1795924733504507,-0.5746179191850986,0.4395081286190887,-0.2795843324343487,-0.3175566286872356,1.655005459862966,-0.4331085862182821
1.5401111111111117,28230.0,0.0,9.6,2592.46573586216,31.9,86.0,0.0,39.61,1962.14405,6.15,44.00633333333334,28.009489449276924,35.3,4.38711707003279,4.238,58.2,63.4352162159023,0.0591405630111694,0.0,19.0,1.0684487793265944,0.7548787969212823,0.22389449938212566,-0.3538947770224737,-0.21926820078628403,-0.22005470212083955,1.7025639133960675,0.04405413062839434,0.5490843319136055,1.7624162676417552,-0.15116948859536317,-1.1568221488961656,-0.2795556994930679
1.47,3163884.0,15617000.0,5.7,10142.7572650936,38.4,72.0,0.0,20.73,1104.4805,6.31,44.00633333333334,27.9621681164101,42.2,7.38281384280984,6.575,79.2,17.0586592662161,0.940053343772888,638.0,3.5454545454545454,2.720822994348231,0.36036320317863374,0.45462903954364414,-0.10085646071342379,-0.15157079513434146,0.0657827560282571,1.8286666472470703,-0.5147080925756028,-0.24569382266901016,1.6330752239902635,0.04594758566296468,-1.0067525493333298,-0.5484937386045947
1.5,682571.0,0.0,26.8,37677.0375258202,23.30423459743635,51.0,7.0,27.48,493.77754,5.03,113.7335,10.0377214479696,36.10243793933487,4.30174563591016,40.412,71.4,18.5997313551845,0.118176467716694,0.0,2.0,2.610466160256969,0.2018913817771113,-1.054487897677065,0.1312829711126258,-0.1997864709277965,-0.08750258014788058,0.679544461014953,-0.3375089057807358,-0.17602776913125706,2.0061365216743225,-0.22441972305246974,0.26152960320775936,-0.3955305069688146
1.583,2125703.0,199823000.0,4.2,41904.2109590432,30.5,506.0,0.0,6.28,14145.52378,7.66,54.317,33.7013621227342,55.1,11.7359044948689,19.369,29.7,1109.11166481961,0.945066571235657,434.0,41.0,0.04754672559709306,-0.9824943154296729,0.7838724784443896,0.25236103257524084,-0.10745888274028587,-0.03742138259680525,-1.0099723125443125,-0.09652726442877517,-0.39498406901713334,-0.5562006955299357,-0.05958076399496653,0.25628711859802855,-0.718925280294608
1.296,64150.0,0.0,16.9,1466.6806816154,23.163636363636364,123.0,0.5,17.811481481481483,10033.61176352941,3.86,42.16190476190476,88.7222456800664,36.409090909090914,13.52487318290964,8.614,41.2,18.8149630697553,0.0178660154342651,0.0,25.5,2.6369845909939276,-0.0003346699043489899,-0.8690444325214999,-0.3011981360697234,-0.02843263194007517,-0.3704450273742162,0.9072748229309103,0.02798300355688543,0.38140113268148035,0.64453787708804,-0.5809822552055962,0.031829504305866035,0.6252177217835615
2.0,75095.0,0.0,12.6,580.665016287654,23.13888888888889,286.0,0.0,7.609642857142858,91.70597,4.04,57.86857894736842,31.3346199890192,40.79444444444445,3.72437517668748,28.764,22.6,951.503931415137,0.0048957802355289,0.0,80.5,-1.7844271990489156,-0.7231728925735428,-0.5003873386623022,-0.293491516489988,0.41308925669123703,-0.3028263553567217,-0.36404844989279295,0.12103422368278277,0.10587909152692696,-0.09258054164021644,-0.11434798323632671,-0.5796016904245559,0.8122114055501565
1.6985454545454546,1627086.0,0.0,2.5,22332.0687717046,24.6,979.0,0.0,4.67,4278.36679,4.99,61.603,20.560795909032,48.7,0.525193508693455,24.308,34.2,1956.70376699752,0.0116046275943518,0.0,124.0,-1.9373916780685017,-0.6828735736202279,-0.4465907669730286,-0.11535301099534088,-0.04525161562689311,-0.24815074801706097,-1.2062551174005869,0.05515498830555875,-0.3638882478825885,-0.6485140937632907,-0.10005557727908704,0.06564802403600875,-0.6270057042686498
1.722,7827910.0,164507000.0,2.5,3427.38933632364,23.163636363636364,229.0298205128205,0.5,7.67,10033.61176352941,3.44,42.16190476190476,94.5509642089503,36.409090909090914,13.52487318290964,4.215,20.9,169.329553878332,0.0154022928327322,0.0,25.5,1.5294461876482053,0.8444519295464198,-1.1771866452611663,0.09284244750427245,0.878334803878269,0.2985412245476368,-0.28364175278907494,-0.560887905089714,-0.2317114680272829,-0.3575277756909205,-0.12345081227579736,-0.4526528856871754,-0.4675335619991194
2.119,618.0,52851000.0,2.5,592.116200526983,9.7,2.864,0.0769230769230769,0.74,1307.87644,4.19,77.414,57.46786040071886,31.3,3.54134188751663,16.932,15.6,557174.254410488,0.0032525593414902,0.0,122.0,-1.9485179878434506,-0.47074427760134685,0.248827264454464,0.08747678614197972,-0.3418488906903606,0.1285875681120824,-1.5294283170659466,0.5319068558856144,0.0013217774695188712,-2.13239008954762,0.33944846248476257,-0.5839147780339056,-0.18830666788601164
2.672,253600.0,788265000.0,2.5,1251.69287892408,6.9,2.431,0.0769230769230769,0.15,8321.36064,4.63,42.375,57.46786040071886,26.2,10.6612601372426,8.269,17.2,80152.0281309664,0.0065629044547677,0.0,245.0,-2.9333907789164417,-0.07007822939065457,0.05904246794144079,0.21119960425972734,-0.3558727729929934,-0.005625717242199711,-1.3125508097714254,0.500844229956207,0.1966810494355068,-1.4834235915629423,0.10162840393619774,0.02718059163767054,0.044751898356889405
2.596,3998.0,46044726000.0,2.5,1286.11831918327,12.5125,6.182,0.0,1.8,179812.03067,4.9,62.66,57.46786040071886,31.228125,5.94643667725823,5.949,17.6,139985.026416907,0.0137239880859852,0.0,435.0,-3.559484297364472,0.08347559966146788,0.5564451128878676,-0.38680223904968225,0.15207845749932386,-0.11644059893228287,-1.5600226204212806,0.5351175764287951,-0.034020603772299755,-2.1098910949201994,0.36754448235707315,-0.6133306585952772,-0.160700511067668
1.811,302168.0,0.0,12.9,267.559005679386,23.30423459743635,82.0,7.0,23.932941176470585,103.14012,3.99,113.7335,18.3505034676342,36.10243793933487,1.49506816515088,76.27,26.6,63.3161714706005,0.0263927355408669,0.0,2.0,2.3044712536135514,0.5738108391146521,-0.2969562513121784,0.21523971662435767,0.14004448537954417,-0.11396705463802195,0.48770070989791486,-0.3357825770491605,-0.44694864024299014,0.5704973971387128,-0.06815134882295798,-0.26909110773307643,0.6137674291475689
1.087,525404.3684210526,783647526.3157895,13.4,2976.10190172912,23.13888888888889,574.0,0.0,7.609642857142858,9814.788208260868,2.63,57.86857894736842,37.4213570129946,40.79444444444445,4.22769324983409,20.80461538461539,8.8,66516.3133363404,0.0,0.0,80.5,-1.7715516586851805,-0.25421057290583,-0.8653024814789404,-0.07028099745503666,-0.020960266377101248,-0.05873960368499431,-0.656795069477297,-0.06162518151917621,0.022727955814010194,-0.3420604102535257,-0.22101182373906272,0.5383679627921426,0.284302069741283
2.677,0.0,0.0,2.5,1024.46193125075,8.0,6.456,0.0,2.64,25747.50007,3.86,29.663,57.46786040071886,28.3,3.30517811237606,11.499,39.5,261262.408036924,0.0051995781250298,0.0,519.0,-4.646277168455716,0.5802382512716445,0.6859534639221311,-0.34706580914824686,0.3779921574141921,-0.0022958422904515783,-1.6012440644618777,0.5356165854283201,-0.09225246935039487,-2.1103109883887736,0.3599783010061515,-0.6223272876011959,-0.15462899609239286
1.488,2070444.0,211757000.0,4.6,2112.64895973165,20.4,462.0,0.0,8.4,9814.788208260868,5.15,57.86857894736842,29.9071362720136,38.5,4.78561281021135,11.559,14.8,216.480684195454,0.0153229804709554,0.0,80.5,-0.5308218959692129,-0.868907178564182,-0.018833762737729257,0.4748349350290167,-0.3788192635585843,0.09727129754772493,-0.09286271522228194,-0.7121277207675709,-0.5190450384622727,0.1600812563214614,-0.19153200699755524,-0.02055227427433839,-0.3209065203266266
2.33,111021.0,0.0,2.5,251.267289035955,23.163636363636364,180.0,0.5,21.12,10033.61176352941,4.51,42.16190476190476,761.792758440659,36.409090909090914,9.32217375928322,30.447,0.1,100.294126063305,0.16007687151432,1.0,25.5,1.935072446840346,0.6112121746519201,-0.20062952199419434,-0.09593027551262095,0.19566901269748335,0.07440620415364854,-0.755236930843952,-0.17797475618834155,-0.17605597664186873,-0.9598622431961349,-0.019125626164249846,-0.935330746297005,0.3830791886534481
1.55,629877.0,260182000.0,13.9,25019.151753484,27.4,493.0,0.0,8.52,9814.788208260868,6.25,57.86857894736842,13.6144818758088,45.8,2.21568764237058,7.782,18.9,475.303701323292,0.525033473968506,34.0,80.5,0.8479116994709236,-1.3421860210749588,0.017325638088325962,0.3603938869751622,0.10422611013586225,0.09963808282091022,-0.8478310238603516,-0.26311098329696503,-0.45713646395083823,-0.3251058122609298,-0.09238113180240749,-0.5895663012067058,-1.348925193811462
2.049,24685.0,89476000.0,8.5,9.01249968816751,23.163636363636364,171.0,0.5,31.12,10033.61176352941,5.16,95.93,27.2772901151394,36.409090909090914,33.8847763115546,19.073,6.1,53.3021246846793,0.61648017168045,6.0,25.5,1.7662445254737393,1.0211946672987955,0.2738448842932537,0.31561381371904307,0.09495787164803877,0.36595299987531676,0.24600584948662643,-0.5081453816299555,0.4137520973310507,0.07238803316452475,-0.4182017889846423,0.8405301748385959,-0.01828646053254492
1.814,0.0,0.0,23.085714285714285,835.775239740635,42.82,27.0,0.0,39.96952380952381,800.4773138095237,4.34,44.00633333333334,28.009489449276924,37.09,11.618337265851078,9.467,80.7,0.288152052074839,0.0767808929085732,0.0,3.5454545454545454,4.161085296329376,-0.12326152343552213,-0.8365968836484474,0.16416209652443822,0.576278393293059,0.16183627543132673,2.102569546102951,-0.19116632601023484,-0.43995774153808015,1.0181455288283328,-0.568328215996948,-0.021377742252570955,0.8287854332478187
2.489,75504.0,6560417000.0,2.5,2345.21012133636,16.9,2.911,0.0769230769230769,2.25,55228.79532,5.78,105.034,57.46786040071886,33.9,3.53236133492433,28.753,19.0,28736.5679302373,0.0326404124498367,2.0,203.0,-2.1592269331779597,-0.4709657080190794,0.36232466131389685,-0.21627011527474052,-0.14216143437611134,0.20543873505191312,-1.6252682137243075,0.524515480546238,-0.13643557427296402,-2.2748602487584084,0.5651617042901432,-1.091491618543075,-0.09724984614918689
3.625,0.0,0.0,2.5,9549.69900791325,10.0,1.999,0.0,0.2,1335.80567,3.6,19.314,57.46786040071886,31.8,9.15922507983982,17.207,38.0,112224.017467886,0.0049907122738659,0.0,206.0,-3.4121975719626203,0.14515628147938672,0.48394605801972607,-0.1284053526057584,0.1442273624956105,-0.09545248765588008,-1.5939244301594713,0.45825156123522665,-0.19500022382263216,-1.42086232846751,0.2161751631531297,0.014185012444647685,0.0662499305164038
1.532,34374200.0,666345000.0,22.2,998.865321744181,42.82,27.0,0.0,39.96952380952381,800.4773138095237,4.79,38.741,28.009489449276924,37.09,30.2188278135278,5.436,90.6,17.4681050894878,0.981644809246063,2225.0,3.5454545454545454,2.4808562486799883,0.5708087594502186,1.0372473771904949,-0.44898214164867517,0.47830407860418567,0.1914879716971545,2.0148151355243793,-0.6466418712889516,-0.4360971470276595,1.9538145068941792,-0.7291348646277246,0.5818042698686737,-0.41305011220901394
3.317,0.0,0.0,2.5,19310.5345101811,7.8,4.902,0.0769230769230769,0.0,16267.1525,2.71,77.025,57.46786040071886,27.7,6.25064322154763,16.107,50.2,153868.49826224,0.0044198608957231,0.0,206.0,-4.407419411867577,0.46287832076760893,0.721510316993034,-0.42787563194934597,0.33490763411544544,-0.02574819843010387,-1.7013308683589052,0.5216011180068734,-0.23095740397057007,-2.1524395203514004,0.36178075534166754,-0.6657812686921325,-0.16460983417604708
1.346,587430.0,53898000.0,7.8,31143.9483108635,23.30423459743635,352.0,6.0,2.44,3047.73855,3.9,113.7335,60.7610713816015,36.10243793933487,2.14817440623896,15.519,29.7,229.40123032641,0.0031028783414512,0.0,2.0,-0.6309503112332787,1.2004442469939367,-0.7609570215242761,-0.4578959641019015,0.03965060861582129,0.15313672554686378,0.42058550592961597,-0.7190913793094613,-0.056053784634972466,1.1679951243606217,-0.7656811086905372,1.4498753667987283,-0.0802133173891908
2.929,93853.0,9670090000.0,2.5,2947.99105538242,13.3,4.865,0.0769230769230769,1.48,141477.13591,5.66,110.642,57.46786040071886,31.5,4.87835726508441,17.274,16.2,52082.5872535037,0.245907843112946,48.0,251.0,-2.8733958201944256,-0.0534791752656176,0.6137617819620999,-0.13349376276282574,0.05831144199033412,0.07160882020052903,-1.6354502123192411,0.5270159709595256,-0.14325453757609613,-2.0790126079607965,0.461463043824963,-0.6190420118458302,-0.1500741689373748
0.877,113000.0,0.0,8.521621621621621,8280.298341706895,23.163636363636364,397.0,0.5,17.811481481481483,10033.61176352941,3.3,12.422,94.5509642089503,36.409090909090914,13.52487318290964,10.59891891891892,2.1,159.815324513895,0.0,0.0,25.5,-1.2281522058148517,0.34211465745593345,-1.167402587546383,-1.0708889691749357,0.2737063453490889,0.43893987985122696,0.38890148456021445,-0.418048035653397,0.45266881818377785,1.0617268974217795,-0.7098729441445993,1.5437816648418872,0.016732097195745404
1.534,16400.0,0.0,20.1,69002.601061462,23.30423459743635,247.0,7.0,14.68,3047.73855,4.9,113.7335,74.99912092488255,36.10243793933487,3.62901534185376,36.368,91.3,43.0620064721793,0.0103001296520233,0.0,2.0,2.021719625191713,0.488515529631006,-0.40268194622417575,0.07393972692206369,-0.2864066061734731,-0.09937511798767135,0.1570467495103967,-0.5853948380871196,-0.46368874828076956,2.0623478802828585,0.17627829400720157,-0.04213914666504981,0.04722391034111532
1.911,1230.0,511568000.0,2.5,2163.33017497074,13.2,5.036,0.0,0.15,146625.35073,4.89,101.147,57.46786040071886,32.4,6.79396706793963,11.828,12.2,47452.8310168252,0.0156448353081942,0.0,281.2068965517241,-3.3434675129746165,0.09527818091691077,0.6272748244560176,-0.18338852190183094,0.05178019672889386,-0.19113776470988886,-1.6075278120819931,0.53165285595351,-0.10388302663007005,-1.9766256978735657,0.3592487207231096,-0.5024996997783793,-0.11036990391548508
2.51,363513.0,0.0,4.0,15674.3362068268,27.1,478.0,0.0,7.609642857142858,580.59135,2.96,57.86857894736842,19.3659485596282,34.2,2.48776056578715,30.166,25.2,5251.80710018051,0.0234540067613125,1.0,80.5,-1.3395892675917955,-0.14355991868481965,1.015162063668005,0.615265433413189,0.19217078433181214,-0.22341070506877747,-0.3384010352621686,-0.2100235160385429,0.3370544747493293,-0.6177443241957393,-0.1536074962302381,0.5990838637981558,0.2411794490531456
1.494,46627.0,0.0,6.2,931.77256815432,23.163636363636364,82.0,0.5,30.41,2134.54004,6.01,42.16190476190476,22.6387553273461,36.409090909090914,38.1069656296501,5.482,39.0,48.1533130456056,0.304152280092239,15.0,13.0,-0.3930519078226824,-0.9808215634244201,0.0772207320190772,0.10295879601640512,0.06093496821343787,0.1347498628006194,0.8998634364365238,-0.3385208191674962,0.1601133121934958,1.8904513379419927,-0.46683569147253084,-0.9003440791846267,-0.05734729488822028
1.559,368051.0,0.0,10.3,16483.7012298519,42.82,55.0,0.0,39.96952380952381,239.5675,5.2,44.00633333333334,28.009489449276924,37.09,7.80497591927973,7.098,66.8,10.4821308131051,0.129218250513077,0.0,4.0,2.5542140124118897,0.407538291832083,-0.06339670501557737,-0.022012126875140963,0.11202935610255994,-0.020284261391341478,2.7615313680405924,-0.24850653604149928,0.5822582579611372,2.50223222095681,-0.7264619895474769,-1.310037728558497,-0.271995937454564
1.77,34050.0,0.0,20.5,1164.59175236121,42.82,29.0,0.0,61.76,800.4773138095237,4.83,44.00633333333334,58.6544925133433,37.09,16.9742129632327,10.811,48.6,52.2639365864236,0.004646654240787,0.0,3.5454545454545454,0.34259666156696844,-1.1653934348558992,-0.21286208109061894,0.2438814489073197,0.327490386897817,0.05290192702392257,1.374562254108216,-0.017836573415414135,0.5287186656491809,1.2866920400242212,-0.2206437515644694,-1.0778866512051362,1.1317398212858216
1.674,5899262.344827586,208062931.03448275,32.2,7771.36262586572,39.9,66.0,0.0,39.96952380952381,800.4773138095237,5.45,44.00633333333334,28.009489449276924,33.4,11.618337265851078,2.817,87.4,6.50153087832431,0.0117005053907633,0.0,10.0,2.610154988596523,-0.16201950287564124,-0.7868445366924379,-0.4996467443029321,-0.30203503945628657,-0.22415229951065568,2.3471865978852358,-0.40415879035609653,0.5157797348577101,2.1966618759736516,-0.14523678246440763,-0.924505336200894,0.7110563223825974
1.602,0.0,0.0,8.521621621621621,14782.9241306219,23.163636363636364,190.0,0.5,17.811481481481483,10033.61176352941,4.11,42.16190476190476,94.5509642089503,36.409090909090914,13.52487318290964,15.548,5.2,43.8418683347505,0.021754028275609,0.0,25.5,3.2104138132832594,0.23344898339944725,-0.9254590161205472,0.49533596218533793,-0.05371043091246903,0.0006439568242330544,-0.15150713849958103,-0.3592047885299809,-0.40670735381720396,1.6391558385204106,1.3628708160292373,-0.08191668188941277,-0.2932114208347266
1.905,89180.0,932501000.0,2.5,5487.63970655509,16.7,1.768,0.0,2.51,28330.64042744186,4.93,168.869,57.46786040071886,32.9,3.46480128513405,26.642,21.5,14229.661985464,0.0091776037588715,0.0,36.0,-1.322900076799076,-0.858149816008122,0.17356810640271877,-0.1070201799658865,-0.40041939090011286,-0.13050012407209388,-1.3330355068289177,0.518906570678018,0.22208136156706662,-2.0288106173857154,0.3147067610696566,-0.5894530424543436,-0.10466016511462621
1.235,106981.0,0.0,5.556756756756757,1713.9723022076,23.13888888888889,521.0,0.0,7.609642857142858,35.72697,3.05,57.86857894736842,46.2305995308464,40.79444444444445,2.69612269814564,20.80461538461539,10.2,614.958874625259,0.0,0.0,80.5,-1.5570130768527812,-0.3413887781549035,-0.671996046535898,-0.1970646146133205,0.03548238978657507,-0.19689710307822728,-0.6748751536379294,-0.0790680956294603,0.02857527640535224,-0.45329540297975635,-0.19314402060581864,0.3095154133569593,0.28077395308278785
1.728,11471562.0,666840000.0,12.6,6205.02140789208,23.163636363636364,396.0,0.5,23.4,2113.8673,6.48,42.16190476190476,79.5596400800381,36.409090909090914,13.52487318290964,4.334,62.1,109.187182804061,0.0599981881678104,0.0,24.0,1.2207640011948704,-1.3308829872148804,-0.03137452807494486,0.8282127935997002,-0.27737176559514803,-0.3556170770166965,-0.041920625453092955,-0.2072593184363915,-0.36560026614006325,0.4451320038047717,-0.4755064035511451,0.4879620864989777,-0.37108679237683967
1.506,35000.0,0.0,2.5,295530.741328441,23.13888888888889,532.0,0.0,4.79,221.49193,5.1,57.86857894736842,41.8469798362876,40.79444444444445,2.82110335099641,25.676,13.2,101.651473401803,0.0110037233680487,0.0,80.5,0.16540622892985551,-1.1338127008467223,-0.09660005593214756,0.23560646562375018,0.13068347815314008,0.244393126138071,-0.37344672408091256,0.04745455709292309,0.22390474908023392,0.9629725012891871,-0.36321377977326785,0.1688142875883323,-0.41440330522183444
1.813,5574615.0,0.0,20.4,8810.60094304334,23.163636363636364,251.0,0.5,13.58,10033.61176352941,6.98,41.982,69.2918640610282,36.409090909090914,6.66325180347457,10.498,45.9,138.188876481221,0.590831160545349,112.0,12.0,1.9638406891280018,0.2756101679320615,-0.2679831875865033,-0.2092236546976828,-0.5964497911966854,-0.19104971203245974,-0.23794100653824102,-0.15039884514150406,0.03057608909393938,0.5714493840510056,-0.5242787598926809,0.6649546530436287,-0.9392618578292822
2.282,215548.0,15332615000.0,2.5,9719.04734774416,13.3,1.344,0.0,1.8,2166.94139,5.06,63.018,57.46786040071886,28.9,7.9412817758683,18.901,34.1,29421.5643448716,0.0062392759136855,0.0,114.0,-1.6277039553310353,-0.4358947213738742,0.006749946208911511,0.45508981130969767,-0.2642834594635709,0.08224038027654222,-1.1636096049496158,0.4425065674981374,0.3160005136785813,-1.4866687356918633,0.10654664846219711,-0.050114340254200605,0.06588290707588737
1.537,1172423.0,2241748000.0,50.4,1143.51414636102,23.30423459743635,52.0,7.0,25.74,226.16892,5.73,113.7335,94.3280505570266,36.10243793933487,36.8135162780854,36.421,76.7,7.38996810111676,0.880444824695587,435.0,2.0,3.7375446164531683,-0.2572157726051295,0.015339466923316291,-0.4527260678825271,-0.027234701799819617,-0.41430173322921665,2.233937796824724,0.5015665171733572,0.4985950815822659,1.6607932213519407,-0.3037565074749633,0.6079004119655077,1.178869368218346
2.524,0.0,0.0,2.5,617.926607003106,9.7,1.224,0.0,0.29,6604.44264,4.5,69.442,57.46786040071886,29.2,17.1249659678737,12.802,15.3,53717.7865400025,0.0080577740445733,0.0,90.0,-0.6568642758274484,1.1090895640200635,-0.664216391738608,-0.40782502698980505,-0.5964895026032698,0.05742408015855029,-1.1884199271028242,0.5590704034618967,0.4493338681480083,-1.3833287086737778,0.06971131883012129,0.13063663450431218,0.06241495088757207
1.488,24681106.0,1220403000.0,7.2,7294.09669607699,26.2,127.0,0.5,7.5,10033.61176352941,6.38,39.601,34.6778758640693,35.5,3.67013142377007,13.124,20.2,2722.38990575723,0.829572319984436,89.0,25.5,-0.4350513653955193,-0.6571782780574237,0.705823087749203,0.6476129232968876,-0.3724003634006244,0.33300139128006867,0.5629318131519154,-0.9749689355999921,-0.40465692708275264,0.3876606758616359,-0.543747313368902,1.8862286613180015,-0.07002603835325806
1.088,59743513.0,44399504000.0,13.7,1022.48339443127,33.1,80.0,0.5,33.16,10033.61176352941,5.53,83.02,104.329764836502,32.8,5.64914318907925,15.661,34.9,966.082590066802,0.963525056838989,403.0,25.5,0.3207861808138433,0.985744280508583,0.4106885290737702,-0.48210893414479183,-0.45684619255335085,0.5804976724538978,0.8975137364322958,-0.14468695499986753,0.6755370615287137,1.08380680069085,-0.6974803904101464,0.3829763147104333,1.0076795373035128
1.764,0.0,0.0,2.5,9735.42686071823,7.8,6.448,0.0769230769230769,0.73,11771.25081,4.9,43.273,57.46786040071886,30.1,6.29942487419125,10.56,12.7,150045.406586781,0.0062790038064122,0.0,281.2068965517241,-3.9574625193538844,0.2808345852406602,0.4507004612360882,-0.11517963502345233,-0.11110306769574235,-0.050324257900455964,-1.6017488370743904,0.4313127880530994,-0.2468501172988367,-2.146046318745442,0.37174416813748407,-0.6444885258428148,-0.1759573698252749
2.37,6251961.0,3636049000.0,6.5,1452.7080558303,21.1,238.0,0.0,14.18,15843.25485,7.1,42.16190476190476,94.5509642089503,35.5,44.5791857572797,22.637,0.9,6599.35473971613,0.891785204410553,44.0,25.5,3.3662379287158415,0.28179144879112084,0.42921804526694535,-0.08222570352985001,0.33656697131619184,0.5051059034241684,-1.200106021126708,0.4075218502081922,0.20315631175647192,-0.371648362180722,-0.2827517858879229,1.0884370841201583,-0.029019542016468197
2.644,7030200.0,133474000.0,16.1,817.251226114817,23.30423459743635,255.0,7.0,24.72,3047.73855,7.05,113.7335,253.247660175051,36.10243793933487,4.35835351089586,31.97,1.1,43.6393011863656,0.958138763904572,483.0,2.0,3.778908948885099,-0.1455988433268167,1.04743361610177,-0.5766004255407488,0.038830819592783575,0.07414795881680886,-0.25624957661960984,-0.42877709360245386,0.028429388600045048,-0.5251461184913807,-0.17705205311239236,-0.4008377874356703,-0.08028133124590221
1.694,3665.0,75000000.0,2.5,456351.336840975,23.13888888888889,6.852,0.0,1.56,1875.35733,3.39,62.243,36.86358520448992,40.79444444444445,8.73630299937298,8.488,82.4,85402.5305771719,0.0011618951102718,0.0,281.0,-3.881778669954234,0.214952237685873,-0.0016375222405955185,-0.13402746538621063,0.08284367264602131,0.22553750570435735,-1.7192931004711651,0.5311647973304735,-0.2421096759493467,-2.2215798253123893,0.39598829970300736,-0.7246396155982305,-0.19832548211227685
2.003,21.0,682841000.0,2.5,80.0307318010116,22.2,4.224,1.0,2.54,21522.37935,4.41,61.94,57.46786040071886,37.9,4.22535211267609,6.595,6.2,13047.4755550089,0.747803628444672,1331.0,371.0,-1.7116180798408147,-0.08405505761810014,2.217572326792035,-0.058745556741404886,0.13388371127941578,0.23007153777751083,-1.5837640811037466,0.5229985956124632,-0.08409043762679827,-2.0319556939214003,0.3579541794268854,-0.6168343281426518,-0.10757080779764946
2.135,62655.0,10069396000.0,2.5,3086.25414029448,16.6,3.135,0.0769230769230769,5.61,79353.5505,5.81,134.794,57.46786040071886,34.8,5.62219442195901,22.727,17.5,30239.3103644089,0.0205956492573023,0.0,281.2068965517241,-1.9493421508179793,-0.5944568701128948,0.017231948873603704,-0.07726505367690935,-0.1748383712273846,-0.02370619833718206,-1.3645816302295872,0.356109405485292,-0.06554651739242466,-1.9336585606628853,0.365661242284804,-0.30321523339700157,-0.17632775315447163
1.623,160000.0,0.0,7.3,3814.02849226939,22.0,468.0,0.0,5.71,740.47952,5.91,57.86857894736842,30.2135369549201,40.2,6.47413734662063,13.689,10.5,190.859452085474,0.0115437172353268,0.0,80.5,-0.8714229851070969,-0.8181903864206785,-0.10396172667837729,0.32590356572378465,-0.2016923054653298,0.18273832388337577,-0.8271868671109462,-0.08055585572227349,-0.18142394884537674,-0.45763151701821414,-0.05065982522153934,0.06285914287632412,0.32812249120597237
1.972,2000.0,0.0,17.9,61.6282360697596,23.13888888888889,295.0,0.0,6.98,1336.90282,4.71,57.86857894736842,36.86358520448992,40.79444444444445,2.08486986327134,41.743,11.5,182.967132441716,0.0563951246440411,0.0,80.5,0.17957878146914424,1.4563822121572176,0.17799658833988177,0.16355878168282273,0.010006414302895603,0.02722566119345828,-1.1746068653261432,0.19138709398289308,-0.11247983573495268,-1.2233324763740436,0.06637622453166184,-1.3938013931057978,0.4032939496120299
1.437,500985.0,31157764000.0,3.4,3421.34428547544,12.5125,3.889,0.0769230769230769,0.13,156643.99752,4.53,249.669,57.46786040071886,31.228125,3.26813365933163,4.116,8.8,31701.7121806602,0.0126583706587553,0.0,281.2068965517241,-3.6230580121093188,0.32433494720634204,0.30432806211014907,0.17801641920404432,0.01497251872273945,0.12706427870808484,-1.5337525027304344,0.5057270224479107,-0.05378885356297774,-1.5360565274060551,0.12819690896569724,0.10370354320989521,-0.044886985214595075
2.853,224300.0,0.0,2.5,3259.28352590963,8.3,421.0,0.0769230769230769,0.05,4588.52488,4.26,70.51808108108109,21.3072971711665,29.2,14.7249900200331,3.801,2.0,5814.13651400898,0.0185717213898897,0.0,63.0,0.8805604409584111,1.2135925238742524,0.07958524438243049,0.3742461196412543,-0.09877839948525231,-0.17366054176203907,-1.1374297236104136,0.4447517758776393,0.348549903790581,-0.45089327923486616,-0.20390839635281324,0.0923856798991379,0.6456256317497331
1.624,8145288.0,306101000.0,34.5,388.95761726142,45.7,90.0,0.0,19.68,3713.13953,6.95,44.00633333333334,23.0254823086428,38.7,7.67139634029402,12.012,67.7,297.132205291086,0.88486659526825,224.0,3.5454545454545454,0.6690818408991022,-1.1021079481831377,0.7465398594442305,0.3632511338935177,-0.07245017637425469,0.34192832604589024,1.1907020695457822,-0.7216043267851149,-0.7676239386062349,1.400990302103204,0.42208592994815725,0.3661410460881664,-1.0034604868776849
2.619,121251.0,0.0,6.1,7141.78955468395,19.5,86.0,0.5,0.76,464.19387,5.33,44.717,32.9176143425874,28.8,10.7532770416742,8.205,27.6,816.366773477939,0.0588363781571388,0.0,25.5,2.2148101411549184,0.291061059222807,-0.2972496325968155,-0.028215849306984005,-0.5441964704394796,-0.2237271742293163,-0.5438253975119872,-0.0016807439391045725,0.31442153819972274,-0.2852389660972292,-0.258822234704989,0.11780603151215102,0.6706684336126274
1.552,954955.0,117731000.0,4.6,7104.85642858426,23.163636363636364,110.0,0.5,22.22,10033.61176352941,5.83,25.729,101.094874959645,36.409090909090914,2.12746796594194,0.695,52.4,223.199425156739,0.0518440827727318,0.0,25.5,1.9222660202762534,0.7588748522817815,-0.6577579625847968,0.6623793288027986,-0.4342073969619444,0.18200771046282344,1.1299395443860927,-1.0144954455282482,0.3592350919161501,0.5704906969725908,-0.4425436702329298,1.1689455248761549,0.5277906258350431
1.425,9545326.538461538,5920046692.307693,3.7,8280.298341706895,23.163636363636364,218.0,0.5,17.811481481481483,10033.61176352941,2.35,11.724,94.5509642089503,36.409090909090914,9.28307374517721,10.59891891891892,42.2,22.6363842148947,0.0,0.0,25.5,-1.0548730044527066,0.20908890072673475,-1.1762307314609686,-1.0020690055138355,-0.14041591327298536,0.15851440228823355,1.739415213779893,-1.0017608636610909,-0.08587739124418506,1.6399120739965585,-0.9599132524748215,1.6828440056147262,0.5117699783691124
1.131,525404.3684210526,783647526.3157895,5.556756756756757,513.226268631183,23.13888888888889,1.16,0.0,7.609642857142858,9814.788208260868,4.1,55.93,36.86358520448992,40.79444444444445,3.55711230848243,20.80461538461539,1.6,8233.88511056931,0.0,0.0,80.5,-1.6656573779230721,-0.23059655430270765,-0.44602116326982805,-0.0035851651105396976,-0.20689419638307063,-0.10815811882879592,-1.0494228310440288,-0.06789125534193667,-0.5142732895312411,-0.6137053179808616,0.03342871192667484,0.4504941907217367,0.49532367862592314
1.762,87900.0,2362276000.0,2.5,1252.66713307994,14.2,3.05,0.0,3.44,28330.64042744186,4.91,70.51808108108109,57.46786040071886,32.9,3.5974562502901,5.405,3.6,9728.36049939764,0.0094142854213714,0.0,224.0,-2.8595080678014404,0.10429134446788402,0.40037030044601524,0.2908536681435649,-0.07733748851071144,0.29494514168717156,-1.454701954770574,0.5231249942756706,0.07934699646375243,-1.286926196922332,0.06467850724758668,-0.08756328775310619,-0.4814607657337589
2.676,114957.26086956522,13714916717.391304,2.5,0.0,12.5125,1.7,0.0769230769230769,6.09,28330.64042744186,5.14,70.51808108108109,57.46786040071886,31.228125,3.64216403030709,15.453,0.1,385.501357805424,0.0320047810673714,0.0,281.2068965517241,-0.08113178687768376,1.3440374464031988,-0.41067240696804175,0.03573410334368105,-0.04392343631062835,-0.31796504950404,-1.390650993738268,0.544750376530438,0.19251142477511685,-1.455926731471069,0.09981371012469246,-0.39992103681272106,0.2804568093771104
2.2,486726.0,7854000.0,5.4,25546.0947346869,23.163636363636364,42.0,0.5,31.19,10033.61176352941,5.51,42.16190476190476,10.1458941648593,36.409090909090914,31.2301341732646,2.179,51.5,274.103316206551,0.0326662063598633,0.0,25.5,1.8820195913976994,0.8050871528953458,-1.484499973663684,0.8360561400580069,0.008604367884214858,-0.09978249288642613,1.5835439048936497,-1.1299408243667894,0.22415511744819222,0.2931513473537385,-0.35730947271294766,-0.7377285712147668,-0.15932359148266098
2.154,3999200.0,0.0,9.6,839.43644434309,23.30423459743635,392.0,7.0,23.932941176470585,3047.73855,6.76,113.7335,52.6742373416269,36.10243793933487,221.341644023365,23.552,6.8,676.020565020171,0.615609467029572,123.0,2.0,2.992763732172764,-0.07869256982755594,0.37118556905499656,-0.6362956712905963,-0.25822495053695627,-0.2179773716228616,-0.3706261854276229,-0.7504095871502227,-0.5999189722460413,-1.0162256541995633,-0.022039055864566382,-0.267019867135339,0.1264051329817006
1.593,51000.0,0.0,38.4,38027.708128974,42.82,100.0,0.0,47.26,90.51,5.05,44.00633333333334,37.9103349238241,37.09,10.0944535665552,2.191,93.2,9.28449156758809,0.0207314696162939,0.0,3.5454545454545454,1.2750270408476518,-1.7670389096016377,-0.45579072680027044,0.07571317440655306,0.003293207448001419,-0.22044395969182398,2.009203731542864,-0.37312604515410913,-0.24598918621605265,2.9627695517871384,-0.8283581419282896,-1.9214843869691918,-1.2771481262217874
1.924,1603335.0,6200000000.0,11.4,98.1055124786708,23.30423459743635,278.0,7.0,22.1,3047.73855,6.55,113.7335,74.99912092488255,36.10243793933487,2.37317531435169,49.623,3.1,112.241756698472,0.17183455824852,2.0,2.0,4.2692131046278,-0.21693179288864697,0.584873358213218,-0.33874605611284647,0.27431777588327966,0.2206236928909101,-0.03470034922040001,-0.8354276186489481,-0.2857436171315833,-0.42573058051284923,-0.20634480913496522,-0.14093328167349287,-0.26430648371916166
1.161,5500.0,38233000.0,5.556756756756757,1680.46515275428,23.13888888888889,645.0,0.0,7.609642857142858,9814.788208260868,4.09,57.86857894736842,48.5156355794644,40.79444444444445,4.07060821926204,29.146,9.7,702.791644588225,0.0,0.0,80.5,-1.6576848700309081,-0.3406117624870672,-0.6302093935673719,-0.22707246339800122,-0.05896063434216083,-0.1876866977326675,-0.746910290547945,-0.07969826207738483,-0.07087384774819289,-0.452204009846176,-0.21839251582387445,0.3240709951147474,0.3354748410412354
2.534,0.0,0.0,2.609090909090909,12142.415168925763,12.5125,35.33769230769231,0.0769230769230769,3.0647916666666664,28330.64042744186,1.88,70.51808108108109,57.46786040071886,31.228125,6.103606251565688,12.841734693877552,53.6,66173.1493099122,0.0,0.0,281.2068965517241,-4.125357935911784,0.645518238120066,-0.2817795398552676,-0.10672225923440037,-0.05220914201964629,-0.07409704499087436,-1.509673931459571,0.5409076118565241,0.03318605812853693,-1.8568708051987823,0.25577033948008027,-0.4112873778193212,-0.04821979409097257
1.369,1958530.0,0.0,4.1,2383.10164289583,23.13888888888889,146.0,0.0,4.43,2447.33277,4.64,57.86857894736842,5.34029778106968,40.79444444444445,16.5411742279832,26.262,48.8,482.370558605981,0.0563504211604595,0.0,80.5,0.33024251219919504,-0.9331532278067455,0.3677405411127389,0.40023533594844607,0.2835734469117118,0.3410228528539113,-0.04046823550223626,-0.7452813802286532,-0.1976373101752219,-0.07592559141238067,-0.3852063181174973,1.0518379596821419,0.1663862066374372
2.015,1468567.0,0.0,21.74,2312.58141568894,23.30423459743635,134.0,7.0,12.39,172.43841,3.9,113.7335,43.5440399322074,36.10243793933487,6.34221743124953,24.752,33.6,89.1206988447189,0.0125333946198225,0.0,2.0,0.6803258972027597,-1.3779889578342823,-0.024589219330093545,0.09010640292583946,0.1464335569758519,-0.10477823514944513,3.203151004566022,1.0083685348359723,-0.4308165618671614,2.567608433625951,6.2580243079185305,0.9217808239333316,0.3862221859206345
3.445,0.0,0.0,2.5,5519.77461039353,13.1,1.83,0.0,0.0,1820.65971,3.31,38.29,57.46786040071886,36.7,9.11731962390475,13.712,33.2,96899.7957573953,0.0095069734379649,0.0,111.0,-2.895554135224895,-0.06187232256065834,0.272013029017978,0.1310935696143961,-0.33456639726462434,0.00605122285586209,-1.2953866671160885,0.4182474342723629,0.11678920473957795,-1.2042744299488364,0.030028070390703016,0.38622510928863735,0.07729656286302272
2.926,0.0,0.0,2.5,1562.34376562344,13.4,7.023,1.0,4.64,2291.03007,2.36,25.67,57.46786040071886,32.7,3.74140361983136,18.847,20.5,60480.4705670513,0.0053738038986921,0.0,565.0,-4.458421119034112,0.46597881637062216,0.4697018145592523,-0.14950223370449908,-0.011148028823144912,-0.05625406297330223,-1.664135805267378,0.5206870314130289,-0.18673747434854593,-2.1211349357761993,0.377901721330465,-0.5967042229297929,-0.1797979259117024
3.55,200.0,0.0,2.5,8989.16948352074,14.7,1.642,0.0,0.3,1331.14018,3.51,43.574,57.46786040071886,34.3,8.93804623316637,12.323,44.0,26170.1408030595,0.005500687751919,0.0,296.0,-2.477760164161459,-0.25314066130200724,0.2631198983693259,0.04682509208559892,-0.26235046874105594,-0.1355514725699729,-1.2083839237746576,0.4755441532607614,0.32040295536359886,-1.2195926649397726,0.11466371341325655,0.33289767459659314,0.07798288914667537
2.303,841375.0,7000000000.0,6.9,784.750044392498,23.13888888888889,199.0,0.0,43.76,9814.788208260868,4.79,57.86857894736842,54.2696049329314,40.79444444444445,6.09114152504141,22.341,10.9,567.610133561799,0.266691774129868,5.0,80.5,0.819214357434635,0.9523514654527091,0.07055885947684466,-0.06881906522835436,-0.4078318788861048,0.08344408826495578,-0.587056019651367,-0.01829370924791699,0.13979620283460942,-0.3855411101313634,-0.22446988379437555,0.0019540118753709292,0.12011206605100737
2.737,114957.26086956522,13714916717.391304,2.609090909090909,12142.415168925763,12.5125,7.656,0.0769230769230769,3.0647916666666664,93.76383,2.43,70.51808108108109,57.46786040071886,31.228125,6.103606251565688,12.841734693877552,22.2235294117647,31805.113461341,0.036854080283083,27.84,281.2068965517241,-3.4544250648873422,0.8486440565973855,0.061850983654049174,0.5508821093111683,0.009909270184718951,0.35792306733903867,-1.539988645312099,0.5387599064914115,-0.00530999279368015,-2.1653741714478603,0.36629405043043956,-0.6053500463368527,-0.21888295953368445
3.06,0.0,0.0,2.5,624.082896700027,11.2,398.0,0.0769230769230769,0.98,543.28962,4.45,35.306,43.1891158772366,25.7,13.41701043813,3.991,21.4,11525.8344613825,0.0070160254836082,0.0,8.0,-0.08060114608352091,-0.9526399546696013,0.7554718971201333,0.1676843361372965,-0.09157465055313466,0.012970852964155621,-0.5059520512453943,-0.051667589430087785,0.3471355553463498,-0.8861704864953484,-0.04093102125497106,0.5632173448833525,0.24850141628591366
1.438,2979229.0,36659000.0,39.7,11350.2090846602,42.82,16.0,0.0,39.96952380952381,800.4773138095237,5.59,44.00633333333334,43.6790686321069,37.09,9.87432675044888,5.48,83.6,22.1823794204962,0.0373643599450588,0.0,2.0,2.0914693113974065,0.13923664406948555,-0.17731303113304983,-0.5341850452565995,-0.4072087066402243,-0.1089767205255344,2.798464927829243,0.431045762045072,-0.48405317957688704,1.084550358601391,-0.6297977774263082,-0.2414407483027043,0.21903231193333778
1.555,1320.0,0.0,5.556756756756757,58.1221883391391,23.13888888888889,1.151,0.0,19.52,9814.788208260868,4.06,57.86857894736842,19.6563989089578,40.79444444444445,2.92746542425035,15.036,1.4,1237.6567033084,0.0053198365494608,0.0,80.5,-0.06186358521242378,-0.9226538510363592,-0.6165043055389879,0.5834813029413277,0.2231539215594105,0.4072162175173838,-1.0753549387495824,-0.09308416774427841,-0.5055751601029747,-0.12992740288671373,-0.3793657862656636,1.1325986735382576,0.33436319393526553
1.726,1228570.0,13821249000.0,3.1,3204.12012558145,23.163636363636364,651.0,0.5,7.24,52362.28281,7.56,42.16190476190476,34.5483714033767,36.409090909090914,5.52796087314389,5.844,13.0,412.117306307005,0.993226528167725,13877.0,25.5,0.7240201962611942,-1.163297211444487,0.5182263174574795,0.6338854352673535,-0.41130236405735515,0.12717008488530232,-0.2984137923366913,-0.8559922170987818,-0.714278915397394,-0.3996994427891208,-0.17966912318347675,0.7568818754473968,-0.7595457015324477
0.783,37936.0,0.0,8.521621621621621,8280.298341706895,23.163636363636364,758.0,0.5,17.811481481481483,10033.61176352941,2.31,18.669,94.5509642089503,36.409090909090914,13.52487318290964,10.59891891891892,12.1,154.531640353362,0.0,0.0,25.5,-1.1443660127370656,0.2450689983194449,-1.2667562743195218,-0.9955304678778468,-0.09985081662590996,0.3723560721056993,0.3826448420117809,-0.3726404694231449,0.362999909471474,1.0108268587700204,-0.7143648143167696,1.7513821309692972,0.3483825202734913
2.083,80000.0,0.0,2.5,2939.39298268915,23.13888888888889,562.0,0.0,7.609642857142858,9814.788208260868,5.31,54.505,37.9838272331065,40.79444444444445,9.36187249769016,29.557,19.5,1857.95506768734,0.0088209211826324,0.0,80.5,-0.4992121231837339,-0.8108788914040185,0.10649701760580571,0.551832307364431,-0.34875035861926357,-0.22696318674102087,-0.37215216969572745,0.08046956768700404,0.7502906713848483,-1.0793064800727965,-0.05069768334204171,0.49336418625368256,0.14097693712099577
1.687,8994753.0,0.0,9.6,2679.93173320565,38.5,30.0,0.0,74.57,582.32205,5.89,44.00633333333334,28.009489449276924,35.7,2.05880228274214,3.801,71.2,14.0518412813394,0.947748124599457,2109.0,3.5454545454545454,3.0307828818058042,0.33229985741736856,1.7290973856888594,-0.5650189540949315,0.0734975011850845,-0.12198337359076784,3.170064011360296,-0.18436564876946443,1.0383101452104415,2.524159723367239,-0.8894040769819646,-1.6128618342832346,0.4847708543253192
2.123,0.0,0.0,2.5,97.3895737229431,12.5125,3.353,0.0,1.64,615.00552,4.65,50.397,57.46786040071886,31.228125,5.09396758978883,9.166,8.6,4823.18311994457,0.0031869045924395,0.0,157.0,-1.8564424498949126,-0.5916761807067907,-0.2727968462339779,0.15768826441342762,-0.4645013077722883,0.03234517890013883,-1.5166698358980564,0.5337766518380961,0.016438087935083705,-2.093516625720941,0.34797551466683535,-0.6038842540469153,-0.14945749204290248
1.726,2533592.0,2240000000.0,5.3,18783.56311605,23.30423459743635,58.0,7.0,16.95,1402.59378,7.59,113.7335,74.99912092488255,36.10243793933487,24.11295927248916,10.017,62.9,20.1722406397571,0.991508543491364,3125.0,2.0,4.082700856478353,0.10007117973333202,0.742077182129708,-0.028224861272233517,0.439225345166673,-0.27353867622428857,0.9313767981165867,-0.2665202799504293,1.1943497074605118,1.339769043318541,-0.6850287758276431,1.298275072085041,0.1988071483844251
2.232,0.0,0.0,2.5,29843.08140411913,20.8,1.107,0.0,7.609642857142858,9814.788208260868,6.0,61.498,20.9885606691238,34.3,8.58476910455403,25.998,39.6,2247.73076567285,0.0059149875305593,0.0,80.5,-0.7879893921204337,-0.7133983201186136,0.26369558694775036,0.3974285010243931,-0.1888604763602313,-0.032695952990320326,-0.6266544418142016,0.1847607926208998,0.6132926369356317,-1.2286351055480167,0.010909262176101846,0.24698346424204806,0.13829371499175547
2.493,1061951.0,2001000.0,2.5,10284.4750824605,23.13888888888889,448.0,0.0,4.29,467.1527,4.01,46.795,12.6182488373453,40.79444444444445,10.3475831314339,12.328,3.0,2354.68502461116,0.0137518225237727,0.0,80.5,-0.212062420019065,-1.1190394303761184,-0.5895594260556261,0.35656816792936763,-0.21642084660851016,-0.07973999083050726,0.19180195749740578,-0.9191590833517426,-0.24239319896648057,-0.03041190126480305,-0.38741668031542903,0.49274011729558626,0.5379271171215908
1.262,11483853.0,0.0,24.8,3163.25951343203,42.82,49.0,0.0,68.14,727.785,6.53,44.00633333333334,6.0330675022162,37.09,7.12697482131851,7.377,76.9,37.1040304253049,0.909668862819672,271.0,3.5454545454545454,2.197868252577368,0.3614813407665832,0.4601844808212614,-0.3940354392892803,-0.18804164732377907,-0.027923762068645823,2.1607237093484226,-0.4590284391679873,0.11866734385821524,3.034425877000838,1.4036460689318662,-0.6670502301254558,-0.07320296893750725
2.141,1455408.0,0.0,9.3,84.4795447566292,42.82,90.0,0.0,32.16,800.4773138095237,4.38,44.00633333333334,42.3455317586189,37.09,4.95305034506872,23.483,22.1,34.6445085168746,0.0709917321801186,6.0,1.0,1.9188554201310863,0.4194636345714592,-0.3266145038028236,-0.2934746611555477,-0.07846814136696419,0.17128204316591458,1.3422260367782575,-0.8850983472789916,-0.26466387230297095,0.6955960300471696,-0.5669781314105292,-1.0070115107066844,1.042659111278111
1.462,102639.0,0.0,5.9,2172.4126494274,23.13888888888889,591.0,0.0,5.38,614.45224,4.51,82.897,58.2482275375778,40.79444444444445,7.05298238454743,16.958,8.6,2466.21640374897,0.0084219118580222,0.0,80.5,-2.1680038627817435,-0.2208631460863972,0.035895483273339024,0.43437474797235803,-0.2808517599961779,-0.13012587014936874,-0.9502633879766327,-0.10623259088785755,-0.30749226229944265,1.1235229450523703,-0.6066682041658806,0.5986717340070672,-1.2974264795039256
1.361,12251039.0,506710000.0,19.9,805.097634798734,42.82,40.0,0.0,18.02,219.02354,3.83,44.00633333333334,28.009489449276924,37.09,28.7897428247298,6.766,71.1,27.6718471460233,0.0231055840849876,0.0,3.5454545454545454,0.5765571641598479,-1.3461959981200646,-0.12336264273717695,0.05296781401925338,0.13952141367544982,0.21414034861855524,2.030845218989415,-0.43487267967401616,-0.40016913384981745,1.7918856565141912,1.4111841500155937,-1.1014578576147973,0.6874835094295944
1.836,374160.0,1650006000.0,2.5,16918.3025960348,19.9,458.0,0.0,6.88,14919.49014,5.94,69.762,36.86358520448992,40.7,2.48886560125754,12.28,7.5,8082.51982602892,0.0275261253118515,0.0,80.5,-0.8656861405878188,1.5110003626273327,0.10823422127264849,-0.20058444433190092,-0.41141935318973216,0.11903427927658752,-1.210537645613351,0.4215405442012367,0.13943766399685714,0.2520120748252582,-0.4413721929153615,1.0563233806667267,0.41473378478188183
1.821,1658591.0,0.0,22.2,2191.74338954538,23.30423459743635,406.0,7.0,20.81,3047.73855,4.33,113.7335,74.99912092488255,36.10243793933487,5.87993463284275,37.602,30.0,389.457644793704,0.0115809012204409,0.0,2.0,-1.0673694804448077,-0.8070386562243902,-0.3312954297665397,0.06116182056251084,0.055882781683022124,0.21212516470538076,0.7830713155165795,0.027101645776402627,-0.6813635917941917,1.6359704434962488,2.395667297307927,-0.2322559460549899,-0.49141897494583925
1.425,10273941.0,11773000.0,13.3,142.844665812864,53.6,27.0,0.0,72.85,288.26904,6.01,44.00633333333334,28.009489449276924,32.9,3.70097316425842,0.416,79.6,4.74008526113684,0.934188604354858,534.0,1.0,1.5282091893727006,-1.1575522650859247,1.2027636999520577,0.38175290248824884,0.5719927522032568,0.24048370293656202,3.86604865029055,0.9995281808095368,-0.10013818757397794,2.1337762575492785,-0.909100462342705,-1.3825599946363947,-0.07805726811105033
1.559,24002021.0,4490620000.0,18.0,1011.30610018101,42.82,91.0,0.0,39.96952380952381,800.4773138095237,7.15,46.406,42.0270419553042,37.09,24.6595502031139,5.128,80.3,47.5989986876815,0.994101703166962,3898.0,1.0,2.5312463693549865,0.22826872271151588,0.8013146937531466,-0.5959334265649472,-0.2065309661360648,0.23340664031659183,3.3264515442571168,0.9799147590560581,-0.14155869121519277,2.3098719624195847,-0.6344749858952815,-1.5549315423526333,-0.20974861661529148
1.526,978000.0,1269361000.0,19.6,23508.8169727007,23.163636363636364,208.0,0.5,17.25,600.7474,6.06,41.678,27.7485764048934,36.409090909090914,8.38765854872536,9.315,50.4,103.464249804319,0.0328389257192612,0.0,25.5,2.631266304772335,0.3751900344000973,-0.7578699947680636,0.4678092980160365,-0.32578827525150633,-0.2678271633768318,-0.43762331894710504,-0.5278110440063887,-0.5056494488875571,0.47360291556903145,-0.4088949870687075,-0.1779658515699231,-1.4865754116316785
2.601,0.0,591818000.0,2.5,627.386778930116,8.8,5.796,0.0,0.0,43153.595,4.69,45.024,57.46786040071886,25.7,3.83839354342808,8.268,12.2,194962.867894191,0.0099179055541753,0.0,641.0,-4.048237225425604,0.3220627728443173,0.7156371408773796,-0.2847296744830918,0.08462042252050458,-0.11221317024104563,-1.5854943318336052,0.5356981498265896,-0.06616389535313748,-2.1327804654589184,0.3787913000794558,-0.6163130386025918,-0.18037557419903935
2.412,1000.0,153051000.0,2.5,70631.9152712857,12.5125,8.693,0.0,5.74,31520.86629,3.81,44.004,57.46786040071886,31.228125,5.51784987104659,10.927,61.4,37715.0928129859,0.0029659993015229,0.0,190.0,-4.385987368516749,0.35580919788804244,0.4929477771875898,-0.46314055650571123,0.2582837287993528,0.09667816720849795,-1.679963162558609,0.5033197363318905,-0.23939330262169584,-2.133270869761531,0.3638962223846402,-0.6140986328125008,-0.17523655620855202
1.169,3118915.0,217731000.0,5.7,6724.34038190318,23.163636363636364,88.0,0.5,36.15,1169.11791,6.16,42.16190476190476,109.272984641301,36.409090909090914,7.11475951738199,20.649,73.7,642.608117418196,0.0310167651623487,0.0,5.0,0.6347474456324393,-1.3171626415531086,-0.09078661247995849,0.17625360692130604,0.18641263488590315,0.014064923326266642,1.5412834904254107,-1.2979627713815567,0.3127511860499301,1.198452435556228,-0.73145865346517,0.28900111767365483,0.5442997683638442
1.6985454545454546,525404.3684210526,783647526.3157895,5.556756756756757,854.04389785635,23.13888888888889,2.264,0.0,7.609642857142858,9814.788208260868,1.76,20.105,36.86358520448992,40.79444444444445,6.545593716414948,20.80461538461539,1.6,421.052631578947,0.0,0.0,80.5,-1.1075495763451997,-0.5072916446333607,-0.7842904280772784,-0.15339291237461625,0.24150038877544233,-0.286118349616751,-0.8237978835772942,0.06966529900622355,-0.4444439726772267,0.8122321793363915,-0.646119048729855,1.466180280678769,0.42354104547438665
1.319,21254.0,5140987000.0,2.5,63975.8965429538,12.5125,4.804,0.0,0.9,11827.36186,3.25,70.51808108108109,57.46786040071886,31.228125,5.73316283034957,10.7,28.9,18909.6513564741,0.0037677036598324,0.0,281.2068965517241,-4.472256497328805,0.3430009828981588,0.11520166191802565,-0.2848164240615988,0.09307836609681108,-0.36381331754404433,-1.6799534471727355,0.5329054692161788,-0.1902879081031855,-1.867101830180953,0.25946327147635584,-0.23719262676848452,-0.14369814806443285
1.421,1580.0,89959000.0,5.7,311.081800292595,23.13888888888889,707.0,0.0,7.609642857142858,9814.788208260868,4.14,57.86857894736842,36.86358520448992,40.79444444444445,0.950782997762827,14.067,0.1,279.446391150878,0.0099619850516319,0.0,80.5,-0.255855044750716,1.669930775899231,-0.45560564390033637,0.45296393265771057,0.03339971783221275,-0.20858388178274503,-1.2270669987125975,0.3221276825291612,0.026189067732738207,-0.9787936067819689,-0.025626451020510047,-0.5068123581103071,0.17014207284441907
1.389,36318848.0,17394675000.0,20.7,229.666381478089,23.163636363636364,39.0,0.0,45.38,8079.64893,6.28,42.16190476190476,17.433199901475,36.409090909090914,30.7681280657005,9.711,41.6,113.359557368847,0.981471717357636,1144.0,25.5,2.596921530914642,0.48373361409245647,1.0317000288974356,-0.2574274348877802,-0.042103738609547615,0.3352893242409676,1.16990710079866,-0.2334152217785428,0.8804877086844457,0.9510552659869076,-0.6405572136380451,-0.8800118844553514,1.3418363014683314
1.481,68614.0,12950000.0,5.6,31435.5048608818,25.2,1.472,0.0,7.19,9814.788208260868,6.68,52.387,36.86358520448992,50.9,1.48641355277038,16.765,28.0,2621.1329206176,0.0151263121515512,0.0,80.5,-0.28972928331649245,-1.1530414925636396,-0.11177057793806175,0.26005609472104263,-0.5544555003490472,-0.05530146972638149,-1.044075638389596,-0.07294486931422518,-0.4978002982501259,-0.41961007925552374,-0.024880945167538804,-0.007146533228724813,-0.5534962918144022
1.778,713856.0,1049885000.0,7.0,49493.480523305,24.8,446.0,0.0,5.13,8295.34637,6.35,31.175,90.5300652756849,40.1,6.45561348369586,8.846,30.6,749.75734671937,0.357214748859406,12.0,80.5,0.31870783774782985,-1.1185295336397998,0.5563501106466742,0.4304570150121041,-0.45545977003878696,-0.3308789853614788,-0.4124482777126929,-0.6106791931339095,-0.5366040891138661,0.4532017630896165,-0.315190319715463,-1.277877152588757,-1.5151635064153277
1.603,66900821.0,3238908000.0,5.9,4235.15452345891,26.3,183.0,0.0,2.72,10033.61176352941,6.84,56.473,102.165297064343,40.7,5.97802515541409,6.991,28.0,305.497725722229,0.904697954654694,269.0,50.0,0.664286485186391,0.8215511430204864,0.3441225302034605,-0.3090078274583714,-0.6894659037186034,0.013746142762405383,0.2762333000756542,-0.6141036592394943,0.0777175803723553,0.5842969176271261,-0.5207824114903675,2.0944405610689367,-0.014186471595345135
1.672,7288.0,0.0,5.556756756756757,29843.08140411913,23.13888888888889,1.979,0.0,7.609642857142858,9814.788208260868,2.94,57.86857894736842,36.86358520448992,40.79444444444445,12.7989928661351,20.80461538461539,0.9,1353.86698256896,0.0,0.0,80.5,-2.0670384328147944,-0.21756059770549938,-0.5945245356059078,-0.29966801010762517,-0.1284190253554689,0.14467836148191562,-1.1172281609962809,0.46521486609749524,-0.11104610170703244,0.2729262351835668,-0.47155948285938504,1.649688481797351,0.21740999451554233
1.221,82484.0,0.0,27.7,79996.836080191,42.82,81.0,0.0,37.93,446.87657,5.44,44.00633333333334,16.4386760835745,37.09,2.29869991296791,3.798,54.5,86.3360454914922,0.157759293913841,1.0,3.5454545454545454,1.4250259953159838,0.2881006774290303,-0.22814659650741861,-0.7519723471419012,-0.36069968798623897,-0.025686240373804896,2.5068256485287335,-0.3480054853253561,0.4039944195394599,2.2790825275296918,-0.9003736160996609,1.0539601091190527,-0.40992959714081006
2.677,60890.0,0.0,2.5,1449.37102300095,10.6,1.193,0.0,0.27,24000.69906,4.01,49.594,57.46786040071886,28.5,11.5289127961105,11.152,15.2,37340.960521191,0.0099416114389896,0.0,281.2068965517241,-1.768119718561616,-0.43677107848630226,0.06368507648185044,0.22555489544557938,-0.03521166825450431,-0.24993769379728697,-0.9944588517489713,0.2794151538983255,0.25946493654730374,-1.2570811527846624,0.030492075213729417,0.250532216133985,0.09958831317769483
1.864,94200.0,0.0,8.521621621621621,2554.08036448175,23.163636363636364,229.0298205128205,0.5,17.811481481481483,10033.61176352941,4.78,42.16190476190476,94.5509642089503,36.409090909090914,13.52487318290964,6.647,14.7,3.93667941999388,0.0256401114165783,0.0,25.5,3.9331680801068387,0.03771954579217131,-1.1712906721796776,0.46103796594040913,0.495311404003102,0.3673713998082437,0.992132886486636,-0.22846557873028514,2.0017016248901762,0.2325174361528238,-0.48141599521414125,1.8281685368035794,0.02587162552439615
2.318,42729.0,0.0,2.5,3667.30551772172,12.8,2.581,0.0769230769230769,10.33,11102.44058,4.55,99.081,57.46786040071886,34.6,4.31128191898672,20.3,32.3,28927.204260395,0.007176224142313,0.0,281.2068965517241,-2.564143479642243,-0.3076771520883652,0.06114321496861052,-0.08262778081340334,-0.17110830886321365,0.31789798206431197,-1.5377675220196871,0.4174561999684845,-0.20504049505818028,-1.9726373181805257,0.44479044935195056,-0.5820325924255724,-0.1723713006206442
1.493,158783.0,0.0,4.5,17504.0117100342,24.0,480.0,0.0,3.49,9814.788208260868,6.7,57.86857894736842,43.0789254751342,42.9,4.63202285403356,13.185,58.8,643.177395689689,0.0228289980441332,0.0,38.0,0.39810416014044975,-1.2266087719551546,-0.14712150290753936,0.6088166380020855,-0.583105812645261,-0.05777129980866039,-0.7418997502912179,-0.3233345706066089,-0.4501172887648776,-0.260067205573023,-0.23757300782101637,0.3409049806271021,-0.3071563777742865
2.165,114957.26086956522,13714916717.391304,2.609090909090909,22.3560926340667,12.5125,1.782,0.0769230769230769,3.59,4780.54998,5.21,70.51808108108109,57.46786040071886,31.228125,3.02764899198902,0.574,0.0,449.542776593053,0.0100306589156389,0.0,281.2068965517241,-1.3247819440319637,2.246219939270305,-0.39717619837121476,0.779760243613232,0.05517071138326353,-0.12100491699425574,-1.4776554972689129,0.45332498131980137,-0.05543198441891244,-1.330961176812846,0.07291747856675192,-0.42612250526897655,-0.012114253888695109
2.266,16261.0,100072000.0,2.5,2216.2885283431,20.1,902.0,0.0,1.7,6552.78995,4.59,48.854,36.86358520448992,33.9,10.3971874764996,21.693,23.6,26836.8301148211,0.0138988774269819,0.0,18.0,-1.047374283363315,-0.7642692208417432,-0.06979377612595541,0.14396991543679857,-0.1281478767848002,-0.0707633240207685,-0.7549963924709462,0.119386422551128,0.2870369745394458,-1.1864432719481985,0.021657612444756245,0.2435767327898812,0.16515722204915165
3.691,99406.0,274897000.0,2.5,29789.958272089,15.9,1.078,0.0,0.89,73828.502,6.24,19.546,94.5509642089503,35.1,13.52487318290964,11.162,3.5,23603.5969263721,0.946054458618164,204.0,25.5,2.753642296483183,0.45261692108740026,0.17759539830552815,0.13660852466217238,0.03636111479934919,0.1776033075588579,-0.848396441592337,-0.049535809856279485,-0.04749131922486964,-0.9776815859443516,0.21039303799689144,0.5106006601696848,0.0989614321144813
1.5401111111111117,92710.0,0.0,31.4,711.330217457391,42.82,77.0,0.0,45.18,271.70479,3.68,44.00633333333334,20.0400172198121,37.09,19.789546746467,18.172,79.4,129.134239484965,0.0534842312335968,0.0,3.5454545454545454,-0.05834008991350457,1.593357711943907,-0.09528440151617194,0.1554530205350397,0.5199546870174762,-0.17698147315038393,1.4078604794579301,-0.7605587285271475,-0.39500517279100716,1.0851165382931778,0.0807259405163252,-0.41169938133663886,-0.829926934803628
2.203,600.0,0.0,3.0,77.9616080010439,12.5125,1.593,0.0769230769230769,12.72,28330.64042744186,6.01,70.51808108108109,57.46786040071886,31.228125,2.32708518362692,13.82,0.1,431.153021384011,0.344576746225357,9.0,281.2068965517241,-0.09832984911996696,2.002926289501457,0.4308949174830729,0.6846044813900733,0.42555067520505585,-0.0913759136170357,-1.0089421486339292,0.4537940630691083,0.5118218463411899,-0.9720049017483157,-0.03856705802461761,-0.16482150590015857,-0.003920475157344543
1.502,13699300.0,304740000.0,11.4,83.2173076022089,23.30423459743635,32.0,7.0,53.74,3047.73855,6.46,113.7335,74.99912092488255,36.10243793933487,24.11295927248916,34.92375,61.0,2.13817011125539,0.990449666976929,7751.0,2.0,4.407757203190711,-0.17181972239253637,0.9213071348277676,-0.30684580534733513,0.25284192910463843,-0.15207310594060072,0.4531958690355615,-0.6701748092081585,0.1008921055221554,0.18059817888430557,-0.30563018054985613,-0.5771785419009025,0.30715328338213554
1.782,92438.0,21192000.0,4.6,1498.18240858605,31.5,64.0,0.5,58.58,971.08498,4.81,42.16190476190476,94.5509642089503,36.2,5.93947798773215,3.887,35.4,46.1898286899464,0.0246347263455391,0.0,3.0,-0.2354613519636854,-0.8692362565839501,0.1666671558982384,0.266763199177869,0.35822128969256195,0.19972584275586933,1.4369885856430178,-0.7386471148135503,0.0852600426283132,2.2694403244981762,-0.8951643635701625,-1.3650281123110573,0.6017516768993844
2.038,114957.26086956522,13714916717.391304,2.609090909090909,110.019755880831,12.5125,4.321,0.0769230769230769,15.27,28330.64042744186,3.13,70.51808108108109,57.46786040071886,31.228125,4.82146729476466,8.461,1.1,228648.442759691,0.0033577689900994,0.0,281.2068965517241,-3.6741288829959537,2.991227370456814,0.029735988260653674,0.4405300606889445,0.02929585698171532,-0.4289646711299524,-1.5768418618544444,0.5377556726702122,-0.05497292030150176,-1.5088650925629339,0.1295591675710188,0.12966235747446303,-0.06637898658597814
1.185,172319.0,0.0,19.4,58615.9553417232,23.163636363636364,97.0,0.5,17.811481481481483,10033.61176352941,4.15,42.16190476190476,154.8146346359,36.409090909090914,5.88585897042164,2.953,49.1,78.7495078155762,0.0063729700632393,0.0,25.5,0.04160419233214331,-1.3139091968516914,-0.7002929812979222,-0.05268343955700663,0.33825553702622185,0.04048588518968162,1.22172882530274,-0.20562494792674554,1.2368068722715138,1.8461016858290267,-0.9242859511856523,1.099096266881286,-0.46288241529266916
1.728,36499.0,0.0,28.4,19766.2590452254,42.82,39.0,0.0,57.0,173.35823,5.4,44.00633333333334,37.3616390048713,37.09,47.6428733253179,3.486,71.1,13.356165678862,0.0127386143431067,0.0,0.0,1.8502291366235646,0.15819866232934543,-0.6710726927670926,-0.6788133247948372,0.007868250355064603,-0.1557340910660439,2.861270707217065,-0.4749715866537833,0.18226554844037554,1.8982615649920167,-0.5609339006972387,-1.3418602643140798,-0.47511648742241297
1.484,169588.0,276709000.0,6.8,2498.48859822801,24.7,501.0,0.0,3.72,930.5333,5.94,84.681,16.8422672427423,39.0,4.04554694222477,6.956,21.9,181.785792624093,0.0814981237053871,0.0,48.0,0.8535753379803525,0.885138373240494,-0.3517317702957215,0.014806431194703349,-0.3566247613751951,0.16270115736238946,-0.8316246281562428,-0.052580831951069044,-0.23748195372167738,-0.4228617335891829,-0.14241102536133782,0.24859819173542136,-0.7146871682250723
2.115,114957.26086956522,13714916717.391304,2.609090909090909,12142.415168925763,12.5125,3.875,0.0769230769230769,3.0647916666666664,51.51441,3.01,70.51808108108109,57.46786040071886,31.228125,6.103606251565688,12.841734693877552,22.2235294117647,32339.0431187242,0.036854080283083,27.84,281.2068965517241,-3.1863246010531423,0.27399773908250424,-0.2633022721600711,-0.23775928814762498,0.03848720147095776,0.2264547526557976,-1.6608601877991316,0.5315904502827042,-0.16128686376122037,-2.07802628671145,0.3346103921464797,-0.5241894257822532,-0.1819070027927302
1.724,16767417.0,1116615000.0,51.3,347.394492095067,23.30423459743635,15.0,7.0,23.932941176470585,3047.73855,5.79,113.7335,74.99912092488255,36.10243793933487,24.11295927248916,33.849,95.4,10.0770128901336,0.987288534641266,4196.0,2.0,4.823676458947434,-0.35886857615301915,0.6955214231888207,-0.1848872788298049,0.21235551962423124,-0.11812241924973318,3.76699958365654,1.8894706040261553,0.16521308138228516,3.2048039121542193,-1.2022013172449815,-1.7788379491083226,-0.4349795048503548
2.317,17784.0,32965000.0,2.5,1230.11398636822,16.3,903.0,0.0,2.96,1639.11192,6.21,48.912,45.223346216269,33.1,12.3719043552519,23.929,27.2,12647.8462092924,0.0143994940444827,0.0,80.5,0.3803401224486402,0.8875822866053861,-0.1494036528678228,-0.27402182767666694,-0.6240516091292874,-0.023982328076028722,-0.2161802843076169,-0.05749457687749709,0.7491884890784782,-1.254132705775158,0.01755745545260508,0.19474524484528546,0.13738232583969887
1.325,12000670.0,0.0,19.6,2392.83328026152,42.82,49.0,0.0,39.96952380952381,800.4773138095237,6.34,44.00633333333334,28.009489449276924,37.09,2.38280434813759,18.48,32.4,3.83162648886991,0.924606323242188,187.0,3.5454545454545454,5.060208662166991,-0.536940028755394,0.3539686077040181,-0.23504234889611067,0.1566333089858611,-0.08361548377885777,5.70901232958403,2.6442660886164484,-0.458624796339239,2.499148288616412,-0.5920715960950639,-1.2233273659844799,-0.5860280724340142
1.624,219668.0,0.0,16.4,9821.54522641365,23.163636363636364,180.0,0.5,17.811481481481483,19.06766,1.78,42.16190476190476,22.6404778420747,36.409090909090914,21.2589138473,8.526,40.8,38.9828085814156,0.0,0.0,45.0,0.18846109212329082,-1.3685518976401698,-0.7715724679196865,-0.16871705322160097,0.8278228418461332,-0.2864941489181252,0.39651020854278063,-0.7809042034237907,-0.4607958001374408,0.6219930694471459,-0.5251045519423541,-0.9748052900863075,0.45186624872923453
1.79,19100.0,21864000.0,10.1,160221.137537709,23.13888888888889,344.0,0.0,7.609642857142858,9814.788208260868,4.9,57.86857894736842,23.9708210484945,40.79444444444445,51.5873159600861,24.992,14.5,1388.1689209173,0.0078515410423278,0.0,80.5,0.14541037551077327,-1.396314317830929,-0.7078582095646088,-0.08347404313130453,0.1216397081776994,0.04387040386216919,-0.11722717982693277,-0.4379491485210407,-0.10257631763241383,0.4814419737627001,-0.24059082897929496,0.3141254309520252,-0.07005805687790438
2.549,250.0,0.0,3.6,2313.09503681401,11.5,1.642,0.0769230769230769,0.3,3761.15536,4.69,56.045,57.46786040071886,24.1,10.5319476645211,19.748,17.9,39911.9913612961,0.006728898268193,0.0,281.2068965517241,-1.6850844232494826,-0.6607827173107513,-0.0681912430323527,-0.021372146105018006,-0.2517311799945579,-0.07018890592728695,-1.251314919032029,0.5292599248174891,0.34411882749417744,-1.3150587333522852,0.03934498112761104,0.13360354893302084,0.11715212365109944
2.435,1504620.0,0.0,2.5,8856.4043377881,6.7,2.738,0.0,0.66,2322.81975,4.29,69.219,57.46786040071886,24.3,7.44687717385838,9.981,23.4,63978.5405154822,0.0043594073504209,0.0,281.2068965517241,-2.5830834338845445,-0.2343542866535561,-0.02668220917662579,0.03022015811501051,-0.06219485187553785,0.29747411915146077,-1.4925716654565857,0.4961195412355923,-0.012413413553569098,-1.6621177594515744,0.16961542866923301,-0.2283800692273653,0.025618388661128103
2.943,13500.0,78714000.0,2.5,16417.3485866823,12.1,5.943,0.0,2.15,40948.76347,4.56,36.371,57.46786040071886,29.8,8.54862489748902,21.95,57.9,52996.3464606147,0.0045874686911702,0.0,281.2068965517241,-4.100991119172489,0.3181428922444974,0.6030956517038041,-0.33837346557963827,0.2281376554263377,-0.15707134838630518,-1.698899629860389,0.526348797128842,-0.22764545516036266,-1.72483952347795,0.1933423178160718,0.20897185770812052,-0.24896927019393708
1.623,1058.0,0.0,12.4,2187.97887937358,23.30423459743635,284.0,7.0,32.94,3047.73855,3.63,113.7335,48.5463795102896,36.10243793933487,24.11295927248916,58.16,65.4,139.779895425134,0.117855593562126,3.0,2.0,1.9443490392349312,0.6490928590897233,-0.3667059338892141,0.10107856020933802,0.03674918195827758,-0.16563257106592097,1.1696426771142212,0.24682394256328052,-0.5332786899839734,2.2606561431299808,5.828787730060501,0.41285529489318207,0.1741125958065706
1.434,525404.3684210526,783647526.3157895,2.5,29843.08140411913,23.13888888888889,695.0,0.0,7.609642857142858,9814.788208260868,3.68,57.86857894736842,36.86358520448992,40.79444444444445,-1.03530088431952,20.80461538461539,1.7,52607.8498492983,0.0,0.0,80.5,-2.082140767185473,-0.25579956461625825,-0.2025897177836996,-0.024146717250858162,1.0464427015705235,-0.1628700024283686,-1.0234311596039274,-0.07963567431078557,-0.45705180126363343,0.017001797849258458,-0.4149254540430085,1.5064749223347356,0.04088415725638251
2.389,14973186.0,8900000000.0,34.0,329.744929905854,23.30423459743635,34.0,7.0,16.19,3047.73855,6.84,113.7335,74.99912092488255,36.10243793933487,24.11295927248916,31.707,1.1,93.2839655882614,0.988802313804627,2190.0,2.0,4.8603515485463245,-0.18976003215314802,1.1122879638560823,-0.07160690329899162,0.25980497372862194,0.043130242535192966,0.12327393693254868,-0.8361760219444484,-0.0638528556880432,-0.553017284963158,-0.16437264910079127,-0.6616957986782638,0.12145621194514239
1.527,5464776.0,0.0,35.1,841.360237191791,42.82,40.0,0.0,39.96952380952381,245.4919,5.86,44.00633333333334,5.90124185626465,37.09,10.8363568399842,1.418,69.9,1.24229621062387,0.907592535018921,112.0,0.0,3.501032095070622,0.12311243230966396,0.3651724190274374,0.006959684977917505,-0.10591157255482173,-0.13721233776679626,7.4621494247122495,3.8272015130356984,-1.4097177459937638,2.6954954716616704,-0.8682380545496347,-1.4922188032396957,0.2018440278885068
1.554,88296.0,0.0,12.8,1295.2814922634,40.5,54.0,0.0,39.63,240.5038,5.33,44.00633333333334,28.009489449276924,37.9,11.618337265851078,3.402,75.1,91.4627232440098,0.650223314762116,76.0,0.0,1.7264397157010196,0.6734340394855082,0.3239146598117408,-0.20260455839064534,-0.08669334021064164,-0.030627880597025644,2.251698545225424,-0.3018902201052045,-0.18516364997565915,2.2043448352254913,-0.4989439820624496,-1.241906310813698,0.558114526701633
1.857,4588283.0,748745000.0,5.6,3130.04811053059,17.1,386.0,0.5,3.44,10033.61176352941,5.76,54.731,125.091815262929,34.9,1.22802623546169,4.547,19.0,3002.53401436088,0.734107255935669,31.0,52.0,0.4290580305545859,1.1415000199070384,0.13433537506888177,-0.012577789871752282,-0.5042803459769062,0.1753286539602307,-0.15560828812967292,-0.5011537517002107,-0.15942583573164365,-0.27908869151719345,-0.05242539916518056,1.1614334475841483,-0.14823475169413022
2.074,30042.0,10120000.0,8.7,6367.06990773869,23.163636363636364,79.0,0.5,0.27,10033.61176352941,5.61,30.933,37.9141586656127,36.409090909090914,13.52487318290964,26.836,34.9,123.775253015001,0.114988289773464,0.0,25.5,2.841658816067973,0.501206758064086,-0.47703183412811245,0.5957187815937338,-0.07300204941301017,0.11565194432580862,0.6168297499649823,-0.03194002862033129,0.15500770824850435,0.24604692223646338,-0.4568464498953372,0.4144325275132694,0.6654897516623031
2.528,9545326.538461538,5920046692.307693,4.1,198.109345924722,23.163636363636364,579.0,0.5,17.811481481481483,10033.61176352941,4.61,4.666,94.5509642089503,36.409090909090914,13.52487318290964,9.148,0.1,138.775015826055,0.0351533256471157,0.0,25.5,3.438963804763458,0.2301763594204959,-1.2175612346758973,0.5531503204270546,0.39747429848965055,0.30480977340987697,-0.9308526264637285,0.45890253729784214,0.54453825434745,-0.21233924974356386,-0.3083291129083166,0.4372249363403349,0.47615631386129154
1.996,154147.0,23546000.0,15.9,6084.55870099301,23.163636363636364,175.0,0.5,17.811481481481483,113.6506,3.96,42.16190476190476,335.510923178655,36.409090909090914,8.42035103310379,3.225,12.1,240.557225891181,0.0052392175421118,0.0,25.5,0.2714500395122543,-1.4693742966654528,-0.49070131112029514,-0.04478713417749223,0.10629996700686047,-0.35818732135592474,0.6468168090321835,-0.25392494691166106,0.5202288244171285,0.9283828752578455,-0.6247134824761222,1.2812246466255677,-0.1598176598084221
1.599,109176.0,253539000.0,2.609090909090909,12142.415168925763,15.1,378.0,0.0769230769230769,0.73,28330.64042744186,3.78,70.51808108108109,161.792752509789,27.1,6.35112980255189,6.495,1.8,879.566335554557,0.0,0.0,281.2068965517241,-0.9496508722040989,-0.7811318247758369,-1.0657101542934901,-0.19083187840288704,-0.32148722345938907,0.46826137788583083,0.3942637852243726,-1.1387369666750842,-0.41205233685661796,0.4415847617195223,-0.5007061324591632,1.0827468466585668,0.31031371129613483
1.395,100000.0,0.0,12.6,2807.92478271488,23.13888888888889,1.292,0.0,1.1,9814.788208260868,4.94,57.86857894736842,36.86358520448992,40.79444444444445,4.62930242419968,10.335,0.5,428.516062039766,0.006119614932686,0.0,80.5,-0.4785972844605325,-1.1064789674440376,-0.3171592788984606,0.17395280973244343,-0.292105043175638,0.12354043195500379,-0.5641693086255081,-0.08313769757975428,0.19039154506337727,-0.4558692397014997,0.030295516560775802,0.3308340446588167,0.21062993245068232
2.555,45000.0,0.0,3.2,348.172596003095,17.7,266.0,0.0,20.87,9814.788208260868,3.79,57.86857894736842,20.5605276137182,33.7,9.32899597507865,38.484,11.6,818.331745821111,0.0748123154044151,3.0,80.5,1.062486896176699,0.6780621763412351,0.07086982125593623,-0.5922449684848458,-0.059043238548128256,0.2846044900734352,-0.7496475116357303,-0.08643832292366921,-0.010801717728168922,-0.8732586775486066,-0.07698899886362076,-0.12943732884457712,0.011357162751691465
1.8315609756097564,16651098.0,35955514000.0,2.5,2697.6498526073,22.1,386.0,0.5,9.18,10033.61176352941,6.89,29.264,25.1013649433992,44.4,53.8594087593315,17.306,12.0,9881.98609883873,0.900965690612793,99.0,25.5,1.4869539035614059,0.8878619414254337,0.546295862154139,-0.026395725895591457,-0.10783723932888582,-0.04679618991679452,-0.3581277502271857,-0.5843844061958596,-0.293825819504801,-0.8062801698791353,-0.11847844285811913,0.18410458969052065,0.054000514433493435
1.195,15704.0,0.0,8.521621621621621,8280.298341706895,23.163636363636364,1.085,0.5,17.811481481481483,10033.61176352941,1.54,42.16190476190476,94.5509642089503,36.409090909090914,13.52487318290964,10.59891891891892,5.0,509.372453137734,0.0,0.0,25.5,-1.3010508038762183,0.19432748618373935,-1.2594204518395633,-1.2835459893752186,-0.03217901304013312,-0.014847606525557963,0.6434380151817141,-1.5734105833400127,-1.09090400878835,0.8397609069824502,-0.6562495147116933,1.615089549608381,0.3855980076635412
1.45,5351018.0,0.0,23.8,1336.9321850062,42.82,36.0,0.0,17.69,2205.24132,6.15,46.872,28.009489449276924,37.09,3.79923291384916,3.325,78.3,52.5836968683624,0.0714045092463493,0.0,3.5454545454545454,1.1140625039166812,0.7237434195492035,-0.4828843453630185,-0.24900503178482186,0.016267283227760148,-0.02546518591508831,2.005259348439172,-0.7729814119417395,-0.3888361179649664,1.7037246036411726,0.7189831219731553,-1.378221141272322,0.2846448652554208
1.735,945520.0,0.0,36.9,849.470921194583,42.82,44.0,0.0,12.18,658.15531,6.14,44.00633333333334,28.009489449276924,37.09,5.35094804280395,4.228,91.0,51.6271163289848,0.817481279373169,74.0,3.5454545454545454,1.746252229697535,0.5874898400843787,0.05439952480199516,-0.09079236274201727,-0.45360745738331454,0.1381365144167143,1.6131051566443766,-0.7863570075861358,-0.2769455177895885,2.273530846164794,0.3089803291982693,0.7466661651923905,-0.7777821374174156
3.026,61500.0,563031000.0,5.8,1243.83051037233,23.163636363636364,229.0298205128205,0.5,1.25,6072.02894,6.18,82.329,22.6186688767971,36.409090909090914,12.8490222828559,10.59891891891892,8.9,9888.25753781136,0.996685922145844,81059.0,25.5,1.0064977446713697,-1.2225462744069053,1.2033171768219342,0.28013449519407524,-0.04071269073248412,0.05744113505118613,-0.6067080951519003,0.2544018966250043,0.7334710283378978,-0.8185006725170368,0.14778382036862048,0.7169500345260528,0.029859830140787358
1.546,926170.0,0.0,2.5,27144.0326552723,21.6,1.851,0.0769230769230769,1.34,2881.43219,2.69,70.51808108108109,57.46786040071886,40.8,5.86910359896119,26.185,57.8,4353.20170916811,0.0054542906582355,0.0,127.0,-2.8019190219016106,-0.2971644596038846,-0.1812561911127692,-0.33822134569128803,0.4925932533122553,-0.15263787940279244,-1.4629640155309163,0.4369768567379854,-0.09208902069377428,-1.4168846937083877,0.20218585424474972,0.2727959644510339,-0.11071758753891048
2.224,160858.0,472103389000.0,2.5,8486.69984006607,16.7,12.434,0.0,0.35,28330.64042744186,5.5,123.011,57.46786040071886,39.7,4.11633838374488,7.953,10.9,187747.203659007,0.0488907359540463,0.0,281.2068965517241,-2.8161130295832093,0.12795086128638897,1.0095176922279399,0.06969380970607987,0.023386023825843674,0.04198225519015247,-1.6017589367606302,0.4701303866187216,-0.1882628577027394,-1.6931943253339174,0.3692729262156058,0.06848060579881009,-0.20323645325931236
2.607,70159.0,0.0,2.5,477.168118768488,23.163636363636364,169.0,0.5,17.811481481481483,3124.43848,4.96,32.514,87.1178551416433,36.409090909090914,13.52487318290964,10.858,1.0,823.873753807853,0.0537866912782192,0.0,25.5,1.7576669908621372,0.8758770504844047,-0.3972647519248743,0.5270015517829949,-0.0875320964401798,-0.019456228130970806,-0.41180668612845256,0.08447372416882806,0.6357281273412286,0.2723740789402051,-0.46049259316071495,0.1144801013362251,1.1007246493070448
1.229,28579.0,365458000.0,4.8,972.374831049873,23.13888888888889,435.0,0.0,7.609642857142858,45.40729,3.3,87.138,61.718298431487,40.79444444444445,4.56457719814894,42.316,5.0,167.780267066707,0.0,0.0,80.5,-1.6775667834676689,-0.31577536689136293,-0.6449965144571973,-0.27133616779056086,0.13771646304278046,-0.21613345219145283,-0.6631711708905281,-0.05457300362863958,0.0012562413311682694,-0.2962725727703146,-0.19227421987567744,0.3565741522673657,0.3550815269338165
1.35,1619952.0,35319000.0,17.6,28507.8603430732,23.30423459743635,209.0,7.0,5.33,3047.73855,6.64,146.262,74.99912092488255,36.10243793933487,24.11295927248916,10.412,33.7,223.456154361985,0.615088403224945,15.0,2.0,4.2120313199037795,-0.2467755385217101,-0.3616370751852692,0.07385531124289894,0.14617361045994917,0.06768913747299249,-0.21000627973795608,-0.787989696741394,-0.615050652280882,0.0610278893829998,-0.22263917820189988,0.25638807103678596,-0.959068735611714
1.811,7443315.0,1808486000.0,5.2,3632.88668294441,23.163636363636364,189.0,0.5,15.2,10033.61176352941,6.28,34.371,78.2047894276578,36.409090909090914,3.25289282667662,6.345,24.2,5256.30770476842,0.0211161766201258,0.0,25.5,0.983947827030094,1.2605506472144452,-0.2845562142866355,0.49416027960188186,0.0751691172576565,0.23131273537148003,-0.12458979329286729,-0.4847477622930584,0.14232273114535193,0.8100795657665353,-0.6036007199099354,2.2512183719012935,-0.3921949961102217
1.479,807085.0,0.0,7.9,32693.8417879608,23.163636363636364,135.0,0.5,17.811481481481483,39.897,2.2,42.16190476190476,139.435470768913,36.409090909090914,13.52487318290964,11.677,24.6,1635.4097419236,0.0,0.0,25.5,-0.7867280418721195,-1.1093198800991286,-0.8537374444694159,-0.01987806373521347,-0.03300151739484863,-0.20746102434592983,1.1015156373434551,-0.2871370508536934,1.2142562085422846,1.9438411056820242,-0.9546457892491806,1.0304151405700424,-0.3674555631978958
1.44,525404.3684210526,783647526.3157895,5.4,29843.08140411913,23.13888888888889,236.0,0.0,7.609642857142858,9814.788208260868,2.04,57.86857894736842,58.2815144257053,40.79444444444445,6.545593716414948,13.049,36.0,618.472004910852,0.0,0.0,80.5,-1.8407044215837358,-0.2904694002201298,-0.8267173849855315,-0.41685698635827867,0.3166498277547047,0.5368573827269976,0.14508476823206068,-0.3354602687581471,0.6343241580870868,0.6052621490325897,-0.5512483744491032,1.0683913361338127,-0.013317906529960082
1.78605,1885344.0,23546000.0,39.5,56.5424608302103,23.30423459743635,38.0,7.0,57.49,3047.73855,6.13,81.205,22.205757963494,36.10243793933487,24.11295927248916,32.395,3.7,6.95593912679964,0.991316854953766,910.0,2.0,4.762507703909293,-0.40440748528842785,0.8432640843380487,-0.4618339398443869,0.256578540174331,-0.16245569741451216,0.5297925013148728,-0.6335981897468772,0.14263945787010396,0.9218343725578186,-0.6355357849672714,-0.7858831993749735,0.9977256198548974
1.811,12286813.0,3910613000.0,8.1,728.424453839783,23.30423459743635,570.0,7.0,5.65,18116.49326,6.63,113.7335,33.9930211685172,36.10243793933487,6.0739085322053,59.719,9.7,14786.991738834,0.440710365772247,5.0,2.0,-0.2092106048941688,-1.1839162076193566,0.6073449278647799,-0.3226331539337246,-0.11627491563276375,0.31711985047993907,0.4779256388813243,-0.2553387618568048,-0.6039778267577102,3.092265959457003,4.7687788230768495,2.565955324166723,-0.07549109457840775
1.45,12283962.0,0.0,35.4,4091.08385002821,42.82,76.0,0.0,13.96,964.79014,4.93,44.00633333333334,10.2218573476593,37.09,10.884531691282,9.752,83.0,54.9605251697733,0.0222109630703926,0.0,3.5454545454545454,1.0099395374084876,0.4428663636572118,-0.7554182388416649,-0.52428741630143,-0.3381424453453784,-0.1829933071801289,1.5851801712819757,-0.5783945320440798,-0.4721254367290438,2.681854846951826,1.5285312455694153,-0.7963292492271673,0.6005261427325698
1.27,7772900.0,0.0,38.1,776.086410195218,42.82,71.0,0.0,5.08,1282.51065,5.66,44.00633333333334,6.07038486209323,37.09,11.618337265851078,14.481,82.4,89.3467905102938,0.0452732741832733,0.0,3.5454545454545454,2.976209641484947,0.14471862531717894,-0.19408182305575114,-0.1006076213121478,-0.043928114158513304,0.07122873545625394,2.0739989437572697,-0.20831823646701875,0.014135549695751636,1.5429701579165476,2.3888349551553176,-0.893784512045223,0.4823372078364198
