Country,Temp Change max 2012-2022,Disaster Affected Population 2020-2025,Disaster Damage US$T 2020-2025,"Unsafe water, sanitation (YLL)",Air pollution (YLL),Safe Drinking Water (%),Food Insecurity (%),Undernourishment (%),Renewable Freshwater per Capita (m3),Corruption Control,Rule of Law,Political Stability,Government Effectiveness,Regulatory Quality,Voice and Accountability,"Democracy, not Autocracy",Population below Poverty Line (%),Health Expenditure per Capita (US$),RoW Health Expenditure (%),Literacy Rate (%),No Education (%),Lower Secondary Completion Rate (%),Education Expenditure (US$M),Crime Rate,Government Debt (% of GDP),Total Reserves (% of External Debt),Gini Coefficient,Income Share Top 10%,Inflation (%),Unemployment (%),Youth Unemployment (%),Electricity Access (%),Renewable Energy Consumption (%),Internet Users (%),Secure Internet Servers,Future Conflict Risk,Current Conflict Intensity,COVID-19 Expenditure per Capita (US$),Prevalence HIV/AIDS,Prevalence TB/Respiratory,Prevalence Malaria/Tropical,Prevalence Other Infectious
Aruba,1.303,,,,,,,,,0.709075331687927,0.795440852642059,1.43252456188202,0.946606338024139,1.27020680904388,1.0191752910614,,,,,97.80742,,,,,,,,,,,,99.9,8.8,,1397.18141935003,,,,,,,
Afghanistan,2.012,13016058.0,0.0,1422.29,4283.98,30.0340981310563,80.9,30.4,1178.73785900005,-1.15493178367615,-1.98701369762421,-2.48408055305481,-1.26642525196075,-1.64964091777802,-1.85290133953094,0.0,,81.0,8.0,43.01972,58.38,,819.55782,7.08,,,,,,13.991,17.291,85.3,20.0,,43.758544404586,0.922130286693573,335.0,2.0,13.08,20436.28,22050.99,1619.54
Angola,1.752,4544311.0,0.0,1710.48,2429.79,,79.2,23.2,4285.82651976205,-0.60992020368576,-1.00890958309174,-0.34150505065918,-0.761388182640076,-1.09906601905823,-0.737252414226532,0.0,,101.0,,,,,,5.29,,21.9148430807675,,,13.6441017767715,14.537,28.075,48.5,52.9,39.2935,40.2177899448233,0.346535325050354,0.0,,1461.24,33231.9,38007.2,2256.36
Anguilla,1.224,,,,,,,,,1.25135612487793,1.20168173313141,1.11422121524811,0.931279718875885,0.683675646781921,,,,,,,,,,,,,,,,,,,,,,,,,,,,
Åland Islands,,,,,,,,,,,,,,,,,,,,,,,,,,,,,,,,,,,,,,,,,,
Albania,2.028,84.0,0.0,26.79,1660.57,70.7360679461577,32.2,4.5,9567.2814623074,-0.332218527793884,0.250855356454849,0.183348968625069,0.171953663229942,-0.164097368717194,0.168997228145599,1.0,,414.0,,98.14115,3.28,,470.23552,5.63,59.811,50.9695824839935,,,4.75976421930107,10.108,24.817,100.0,41.9,82.6137,1220.33290943972,0.0074432282708585,0.0,,1.07,22568.22,903.34,1063.17
Andorra,3.243,,,2.19,239.38,90.640001490064,,,4027.35950181206,1.25135612487793,1.4754387140274,1.58346593379974,1.35054576396942,1.47689890861511,0.996939778327942,,,3.192,,,,,96.51866,2.96,,,,,,,,100.0,18.4,94.4855,14618.5811813595,,,,53.38,12313.5,234.83,385.35
United Arab Emirates,1.699,346.0,0.0,9.79,618.65,,10.0,2.7,15.6655476591912,1.07366383075714,1.60428190231323,0.677530944347382,1.04239141941071,0.881900131702423,-1.0949410200119,0.0,,2.315,,,9.72,,,5.75,32.436,,,,1.62670837213248,2.151,6.467,100.0,1.0,100.0,2119.66117852284,0.0098095657303929,0.0,379.0,31.04,31692.01,4985.35,1077.42
Argentina,1.123,979425.0,938469000.0,30.34,660.86,,36.1,3.2,6444.16907637027,-0.360883951187134,-0.377517342567444,-0.127517908811569,-0.482535392045975,-0.410826534032822,0.533921837806702,1.0,23.8,1.371,,99.00387,0.93,,35105.55042,4.38,,14.8648653848381,42.4,31.2,,6.139,17.946,100.0,9.2,88.3754,5451.20150353984,0.0277565307915211,0.0,,338.77,21909.67,8783.15,732.95
Armenia,2.772,21265.0,0.0,26.7,2601.29,82.4117239415569,7.8,2.5,2315.43057759174,0.0583996474742889,-0.184129968285561,-0.829278230667114,0.047635018825531,-0.122017979621887,0.0767075568437576,1.0,18.3,675.0,0.0,,0.6,,312.11636,3.26,,23.0052590584504,27.9,23.6,1.98041877615554,13.245,26.135,100.0,9.1,77.0277,1166.53850011702,0.251416832208633,20.0,56.0,47.1,24060.53,2892.9,1216.81
American Samoa,1.539,,,,,,,,,1.25135612487793,0.654167771339417,1.11422121524811,0.512013554573059,1.21249115467072,,,,,,,,,,,,,,,,,,,0.4,,462.953220681383,,,,,,,
Antarctica,,,,,,,,,,,,,,,,,,,,,,,,,,,,,,,,,,,,,,,,,,
French Southern Territories,,,,,,,,,,,,,,,,,,,,,,,,,,,,,,,,,,,,,,,,,,
Antigua and Barbuda,1.131,,,69.14,893.41,,33.0,,563.081354427227,0.326792687177658,0.380410820245743,0.923393249511719,0.546036779880524,0.378593176603317,0.741840481758118,,,1.085,,,,,,3.34,,,,,5.06713865364213,,,100.0,0.9,91.4123,803.720690985469,0.0,0.0,,268.96,22017.5,13086.34,1346.62
Australia,1.499,290558.0,17135351000.0,3.79,255.71,,12.9,2.5,19154.841666546,1.78120493888855,1.58987963199615,0.91705721616745,1.94220554828644,1.52318394184113,1.50660192966461,1.0,,6.731,0.0,,0.72,,68159.44641,4.0,49.009,,,,5.5970149253731,3.668,8.375,100.0,12.3,94.8762,47567.6309507787,0.0069479513913393,0.0,707.0,72.37,13385.26,263.26,427.8
Austria,2.524,2220.0,0.0,4.41,489.99,98.8963233865813,4.9,2.5,6141.27363538946,1.1336532831192,1.32668149471283,0.727989196777344,1.36136972904205,1.74656546115875,1.41124832630157,1.0,12.5,5.852,0.0,,1.29,98.7,22413.54147,4.04,77.545,,30.7,23.8,7.81413417002832,5.264,10.98,100.0,36.0,93.6141,42281.0014410145,0.006267050281167,0.0,681.0,88.43,11308.65,323.41,423.14
Azerbaijan,2.24,,,145.83,1882.86,71.6117027151749,12.2,2.5,800.473477842717,-1.19547140598297,-0.0326422192156315,-0.730753898620605,-0.108809567987919,-0.566586077213287,-1.41153395175934,0.0,,304.0,,,,,1010.94115,5.08,,52.9787548207725,,,8.78543049849081,5.636,13.751,100.0,1.3,88.0,549.736368813028,0.89557671546936,442.0,,23.79,26986.95,4170.45,1574.1
Burundi,,341113.0,0.0,2578.38,4053.13,,70.8,,775.906424142691,-1.55602598190308,-1.20011341571808,-1.17240297794342,-0.985730171203613,-1.25105631351471,-1.36691832542419,0.0,,25.0,,,50.43,,151.06518,4.51,,27.2715327193222,,,26.9414835762453,0.921,1.684,10.3,83.1,11.275,10.2999024796467,0.662738680839539,123.0,,691.61,27217.76,41847.41,2252.55
Belgium,2.807,4950.0,2248973000.0,15.14,452.18,99.739449377802,7.3,2.5,1035.71534917201,1.3368444442749,1.03702199459076,0.403853088617325,1.16822481155396,1.29537487030029,1.32572901248932,1.0,9.2,5.405,0.0,,4.67,92.31,32304.33574,4.34,105.171,,26.6,21.9,4.04901077613941,5.528,16.122,100.0,11.7,94.0078,33643.2314340463,0.0286163799464703,2.0,235.0,212.73,11762.49,241.03,423.56
Benin,1.522,115850.0,0.0,2462.62,5061.48,,63.3,10.3,767.887854377449,-0.0495794489979744,-0.218984127044678,-0.346559435129166,-0.295836299657822,-0.505709648132324,-0.218986943364143,0.0,33.5,34.0,,42.3624,53.91,27.6143,449.07832,5.25,,,34.4,27.2,2.73102465280233,1.657,3.116,56.5,54.5,33.7602,12.4016425727555,0.435964912176132,46.0,,576.81,21300.5,46496.75,2813.52
"Bonaire, Sint Eustatius and Saba",,,,,,,,,,,,,,,,,,,,,,,,,,,,,,,,,,,,,,,,,,
Burkina Faso,1.624,6515453.0,0.0,4413.17,5566.73,,40.7,15.4,568.304701157428,-0.169615507125854,-0.826227486133575,-2.035231590271,-0.485633552074432,-0.741778969764709,-0.809887170791626,0.0,40.5,57.0,,41.22445,,,794.00617,5.49,,,37.4,30.2,0.742910428668841,5.348,8.403,19.5,71.2,19.9237,22.583386549057,0.968952715396881,6109.0,1.0,407.63,24329.03,33371.94,2980.7
Bangladesh,1.337,70515946.0,3087163000.0,611.14,3805.62,59.1092953183807,30.5,11.9,626.271726752946,-1.12086641788483,-0.697334110736847,-0.908656716346741,-0.914152979850769,-0.502657234668732,-0.753886342048645,0.0,,61.0,3.0,73.9122,31.88,54.93395,,4.98,,50.4664939478855,,,9.8835030377921,4.454,10.895,99.4,25.0,41.6152,388.168008314603,0.373250156641006,12.0,,8.1,15510.26,25276.94,2058.07
Bulgaria,2.192,15462.0,48935000.0,23.9,2845.89,95.6543313759674,14.8,2.5,3053.32723249473,-0.137721657752991,0.047112051397562,0.341861486434937,0.40789669752121,-0.0068576806224882,0.388988107442856,1.0,15.8,1.011,0.0,,2.37,92.53,2412.53529,5.43,32.918,,39.0,29.9,9.44284140088564,4.319,12.048,100.0,20.4,79.1269,54104.3676383629,0.0093755591660738,0.0,144.0,34.08,24048.34,864.37,1019.51
Bahrain,2.464,,,15.27,1266.24,98.9039755631804,,,2.65892918274488,0.177784815430641,0.697198748588562,-0.373967587947845,1.07798528671265,0.468770444393158,-1.37783300876617,0.0,,1.111,,97.46419,28.89,,824.59461,4.83,,,,,0.0746206782192256,1.154,5.519,100.0,0.0,100.0,5578.10456045081,0.0395015217363834,0.0,,15.99,17924.62,6003.59,1096.3
Bahamas,1.611,,,46.42,791.03,,17.2,,1766.01332583198,1.26691007614136,0.270353257656097,1.00856232643127,0.0071837524883449,0.179566532373428,0.860349118709564,,,2.341,,,,,,3.79,,,,,3.05291578969743,8.643,18.127,100.0,1.1,94.4117,6434.00761065492,0.0057594920508563,0.0,,794.91,24261.38,7205.68,1375.3
Bosnia and Herzegovina,2.275,284050.0,27070000.0,13.79,3060.7,86.9706794612828,13.3,2.5,10940.2210910821,-0.581560015678406,-0.967812538146973,-0.353373318910599,-0.141291111707687,-0.351819545030594,-0.319465935230255,1.0,,667.0,,,,,,5.89,32.215,68.532636026307,,,6.1059011284828,10.668,27.27,100.0,36.6,78.8455,5345.87433317855,0.0113722626119852,0.0,38.0,4.97,22527.57,939.37,965.04
Saint Barthélemy,,,,,,,,,,,,,,,,,,,,,,,,,,,,,,,,,,,,,,,,,,
Belarus,3.51,420.0,0.0,8.48,2202.44,93.0997559157322,,2.5,3654.89807402996,-0.665028035640717,-0.991465747356415,-0.729365646839142,-1.41953349113464,-1.25094270706177,-1.66739654541016,0.0,,529.0,,99.75656,,,2624.13606,5.08,40.72,20.2256790754571,,,5.0005990309131,3.461,10.472,100.0,8.2,89.5073,11946.8772968583,0.009058054536581,0.0,,212.42,21249.21,783.83,864.72
Belize,1.716,232962.0,104116000.0,172.97,1003.74,,45.5,4.6,38599.1005347215,-0.226113811135292,-0.376311779022217,0.58532577753067,-0.430582851171494,-0.635611891746521,0.539004623889923,,,297.0,,,0.09,,133.30812,4.64,,28.9409853019919,,,4.38984017487675,8.267,18.774,98.6,26.6,70.354,405693.422134437,0.0068875490687787,0.0,,463.7,24226.02,7206.6,1738.97
Bermuda,,,,,,,,,,1.25135612487793,1.20168173313141,1.0204062461853,0.931279718875885,0.683675646781921,,,,,,,,,,,,,,,,,,100.0,0.9,,5718.87848156048,,,,,,,
"Bolivia, Plurinational State of",1.533,3031691.0,11773000.0,287.17,1375.85,,,23.0,25424.3819403955,-0.838301062583923,-0.639481067657471,-0.313183635473251,-1.17711877822876,-1.21933794021606,-0.265191316604614,0.0,23.0,307.0,,,9.82,86.75,,4.3,,29.5163042137281,40.9,30.3,2.57688800489192,3.024,4.958,99.9,12.8,73.2831,326.60471004991,0.047889269888401,1.0,,184.84,23761.1,21387.12,1559.44
Brazil,1.517,5703477.0,17426203000.0,87.64,662.25,87.2587154718951,18.4,3.9,27014.9943096715,-0.503643155097961,-0.546764314174652,-0.408567786216736,-0.29647821187973,-0.308802843093872,0.382853865623474,1.0,28.9,849.0,,93.2275,9.6,86.84,130423.56723,6.5,84.675,63.3754131135017,52.9,41.6,4.59356282283204,7.947,17.938,100.0,46.5,80.5278,5628.66295682819,0.989788234233856,2458.0,,316.08,29756.98,16722.53,1318.94
Barbados,0.868,5793.0,0.0,56.31,1430.94,,31.1,3.5,283.540140423255,1.34458589553833,0.380443245172501,1.18712854385376,0.503107726573944,0.414195388555527,1.16219222545624,1.0,,1.302,,,0.22,,210.89612,3.21,,,,,9.79207077126447,7.878,24.582,100.0,5.5,76.2053,1059.02187464581,0.0022919254843145,0.0,,550.47,22308.49,6495.07,1160.83
Brunei Darussalam,1.783,,,6.81,238.71,,,,18816.9246061175,1.27803611755371,1.4017870426178,1.36600065231323,0.97689163684845,0.886853814125061,-0.715453028678894,,,666.0,0.0,97.21411,21.11,,,2.76,,,,,0.35706431153689,5.183,18.498,100.0,0.0,98.9704,8774.3954121264,0.0045349821448326,0.0,,111.41,29021.54,1450.4,659.12
Bhutan,1.707,500.0,0.0,544.4,1894.37,73.3419919439661,,,100587.793800181,1.53142273426056,0.566305339336395,0.982800424098969,-0.401030838489532,0.667693257331848,0.200142219662666,1.0,,154.0,,,,,156.0018,3.69,,32.1091511434103,,,4.22934419929261,3.126,14.939,100.0,81.8,86.8403,1227.13429172733,0.0068239793181419,0.0,,122.76,9082.38,6956.58,2820.4
Bouvet Island,,,,,,,,,,,,,,,,,,,,,,,,,,,,,,,,,,,,,,,,,,
Botswana,1.546,147000.0,0.0,1847.53,1490.72,,54.8,24.3,999.399943617187,0.685792088508606,0.430828422307968,1.03843998908997,0.497434794902802,0.390436381101608,0.504056930541992,1.0,,478.0,,,9.83,,,3.71,,240.386165072405,,,5.0676154934383,23.381,44.361,75.9,27.4,77.3272,441.085635122996,0.0107324551790953,0.0,,14907.34,20500.09,25132.22,1694.8
Central African Republic,1.268,2382410.0,0.0,6322.41,7338.37,6.12644463898753,81.3,23.5,27581.6200778545,-1.31139302253723,-1.73500919342041,-2.20310711860657,-1.46841526031494,-1.75950109958649,-1.2622481584549,0.0,65.7,48.0,,37.39582,51.59,,,7.04,,43.2092943843669,43.0,33.1,2.97913852618937,5.877,9.397,15.7,90.9,,2.5230857493982,0.929931342601776,421.0,,2344.53,41539.6,57928.51,2805.67
Canada,2.515,129456.0,5900201000.0,6.34,143.72,99.0397292852425,8.5,2.5,74529.5537661954,1.67150104045868,1.51680326461792,0.822420537471771,1.64471042156219,1.47300565242767,1.4796462059021,1.0,,6.255,0.0,,0.67,,,3.66,107.495,,,,3.87900159788426,5.415,10.806,100.0,23.8,94.0,42549.8820245849,0.0104948151856661,0.0,741.0,262.43,14871.18,221.96,412.47
Cocos (Keeling) Islands,,,,,,,,,,,,,,,,,,,,,,,,,,,,,,,,,,,,,,,,,,
Switzerland,2.798,15013.0,0.0,4.39,254.41,96.7000018583182,2.5,2.5,4641.25297287188,2.02199912071228,2.13492703437805,1.07144391536713,1.72938001155853,1.76172566413879,1.66502690315247,1.0,,10.963,0.0,,1.61,99.4,34882.73526,4.34,33.317,,,,2.13540088016377,4.043,7.869,100.0,27.7,96.8046,163635.101477899,0.0060373242013156,0.0,,169.67,10768.37,278.92,438.5
Chile,1.022,145928.0,2961785000.0,13.34,683.9,98.7713643041914,17.6,2.5,45486.4724258948,0.968603789806366,0.71755576133728,0.13615994155407,0.925731718540192,0.625093758106232,1.01794922351837,1.0,,1.547,,,2.57,,15014.3391,4.6,39.413,,,,7.58168251407969,9.013,21.973,100.0,24.2,90.6769,12299.9658931976,0.0164577160030603,0.0,88.0,339.6,18663.7,6779.88,513.46
China,1.906,42164142.0,102133066000.0,16.15,2907.8,,,2.5,1991.63102891614,-0.0053701046854257,0.679014027118683,-0.513097047805786,-0.356507807970047,-0.0401299707591534,-1.50455415248871,0.0,19.0,672.0,0.0,96.84089,5.35,82.56,,6.01,84.381,125.825492388705,35.7,28.2,0.234836828893051,4.67,15.745,100.0,15.2,75.6113,1508.37096213963,0.175087600946426,1.0,,38.46,36545.77,7739.2,769.6
Côte d'Ivoire,,28230.0,0.0,1972.31,4634.59,43.8921552555398,39.4,9.6,2592.46573586216,-0.313007414340973,-0.359512031078339,-0.631788194179535,-0.116081379354,-0.461197137832642,-0.375480622053146,0.0,31.9,86.0,,47.16535,39.61,,1962.14405,6.15,,,35.3,27.8,4.38711707003279,2.27,4.238,70.4,58.2,38.4133,63.4352162159023,0.0591405630111694,0.0,19.0,1815.98,22498.39,39732.09,2539.58
Cameroon,1.47,3163884.0,15617000.0,2031.21,3662.36,,59.6,5.7,10142.7572650936,-1.16255974769592,-0.906262576580048,-1.40043640136719,-0.913473010063171,-1.03819787502289,-1.0663970708847,0.0,38.4,72.0,,77.07104,20.73,43.24527,1104.4805,6.31,,27.9621681164101,42.2,31.1,7.38281384280984,3.613,6.575,71.0,79.2,43.8629,17.0586592662161,0.940053343772888,638.0,,2215.56,23043.34,40055.99,2240.61
"Congo, The Democratic Republic of the",1.692,28997511.0,10000000.0,,,11.5843357881251,80.2,37.0,9077.25360067418,-1.48051190376282,-1.68906629085541,-2.04486203193665,-1.40857565402985,-1.67073619365692,-1.21333003044128,0.0,,,,,44.34,,553.16041,,,37.8173286897553,,,,4.484,8.407,21.5,96.3,27.24,8.82883424668128,,,,,,,
Congo,1.5,682571.0,0.0,1151.21,2590.45,,79.9,26.8,37677.0375258202,-1.34527885913849,-1.33428740501404,0.0191620066761971,-1.23940634727478,-1.02058732509613,-1.15416669845581,0.0,,51.0,,80.29876,27.48,,493.77754,5.03,,10.0377214479696,,,4.30174563591016,19.898,40.412,50.6,71.4,36.2469,18.5997313551845,0.118176467716694,0.0,,1970.95,34378.15,35171.77,2276.11
Cook Islands,0.675,,,,,,,,,0.0325287207961082,-0.145607948303223,1.19698262214661,-0.0929453670978546,-0.530868053436279,0.880585014820099,,,1.13,,,,,,,,,,,,,,,,,,,,,,,,
Colombia,1.583,2125703.0,199823000.0,60.89,576.93,73.8560448264451,30.7,4.2,41904.2109590432,-0.309191286563873,-0.075877919793129,-0.717313230037689,0.101034268736839,-0.458272933959961,0.205213740468025,1.0,30.5,506.0,,95.09251,6.28,74.57,14145.52378,7.66,54.317,33.7013621227342,55.1,43.7,11.7359044948689,9.594,19.369,100.0,29.7,72.7964,1109.11166481961,0.945066571235657,434.0,41.0,303.03,24689.72,15592.37,735.16
Comoros,1.296,64150.0,0.0,1363.0,3594.15,,79.7,16.9,1466.6806816154,-0.990109264850616,-1.53510224819183,-0.226316764950752,-1.23843240737915,-1.34128475189209,-0.808809578418732,0.0,,123.0,,58.81702,,,,3.86,,88.7222456800664,,,,3.776,8.614,89.9,41.2,,18.8149630697553,0.0178660154342651,0.0,,11.3,27357.58,14865.48,2312.91
Cabo Verde,2.0,75095.0,0.0,523.74,1925.2,,34.3,12.6,580.665016287654,0.984857201576233,0.0136766647920012,0.903245568275452,0.242902502417564,0.400105774402618,0.958101332187653,1.0,,286.0,,,,,91.70597,4.04,,31.3346199890192,,,3.72437517668748,11.971,28.764,97.1,22.6,72.1021,951.503931415137,0.0048957802355289,0.0,,571.94,19128.51,8931.7,2111.15
Costa Rica,,1627086.0,0.0,29.6,424.44,80.5075784878385,16.2,2.5,22332.0687717046,0.653749406337738,0.260196477174759,0.984186828136444,0.543547570705414,0.389316648244858,1.0699063539505,1.0,24.6,979.0,0.0,97.86379,4.67,66.57,4278.36679,4.99,61.603,20.560795909032,48.7,37.2,0.525193508693455,8.325,24.308,100.0,34.2,82.598,1956.70376699752,0.0116046275943518,0.0,124.0,110.45,22892.14,15012.52,795.07
Cuba,1.722,7827910.0,164507000.0,87.69,1523.11,,,2.5,3427.38933632364,-0.0550908595323563,-0.475527822971344,0.384215950965881,-1.50136196613312,-0.453039199113846,-1.24890899658203,0.0,,,,,7.67,97.50024,,3.44,,,,,,1.719,4.215,100.0,20.9,73.2178,169.329553878332,0.0154022928327322,0.0,,240.45,19973.45,18938.8,1166.61
Curaçao,,,,,,,,,,,,,,,,,,,,,,,,,,,,,,,,100.0,2.8,,4808.5376905493,,,,,,,
Christmas Island,,,,,,,,,,,,,,,,,,,,,,,,,,,,,,,,,,,,,,,,,,
Cayman Islands,1.347,,,,,,,,,0.437594085931778,1.2372350692749,1.62560141086578,1.06676125526428,0.721784949302673,0.764431416988373,,,,,,,,,,,,,,,,,100.0,0.0,,26561.5159232181,,,,,,,
Cyprus,2.119,618.0,52851000.0,6.05,608.59,99.7650627352206,,2.5,592.116200526983,0.332707405090332,0.73773992061615,0.409627169370651,0.778258264064789,0.628040313720703,0.974570155143738,1.0,9.7,2.864,,,0.74,99.29,1307.87644,4.19,77.414,,31.3,25.7,3.54134188751663,6.098,16.932,100.0,15.6,89.601,557174.254410488,0.0032525593414902,0.0,122.0,15.75,11439.27,218.2,376.49
Czechia,2.672,253600.0,788265000.0,28.86,1094.37,97.8834116268806,10.0,2.5,1251.69287892408,0.767809867858887,1.1140114068985,0.967361629009247,1.30448853969574,1.14218366146088,1.07654917240143,1.0,6.9,2.431,,,0.15,99.33,8321.36064,4.63,42.375,,26.2,22.2,10.6612601372426,2.579,8.269,100.0,17.2,84.5401,80152.0281309664,0.0065629044547677,0.0,245.0,11.54,18714.26,602.94,750.22
Germany,2.596,3998.0,46044726000.0,7.0,529.44,99.9164119020981,4.0,2.5,1286.11831918327,1.66416621208191,1.18541669845581,0.586989283561707,1.45697498321533,1.55120778083801,1.46138572692871,1.0,,6.182,0.0,,1.8,92.35,179812.03067,4.9,62.66,,,,5.94643667725823,3.068,5.949,100.0,17.6,91.6298,139985.026416907,0.0137239880859852,0.0,435.0,105.65,11240.19,240.92,406.96
Djibouti,1.811,302168.0,0.0,1171.58,2026.44,,49.2,12.9,267.559005679386,-0.780927419662476,-0.731475412845612,-0.516700983047485,-0.933053493499756,-1.1251677274704,-1.27434647083282,0.0,,82.0,,,,,103.14012,3.99,,18.3505034676342,,,1.49506816515088,26.154,76.27,65.0,26.6,65.0322,63.3161714706005,0.0263927355408669,0.0,,1243.93,24043.89,14926.97,2250.73
Dominica,1.087,,,121.63,1506.52,,34.4,13.4,2976.10190172912,0.544514536857605,0.260825008153915,1.28526425361633,0.308252662420273,0.62485259771347,0.786084830760956,,,574.0,,,,,,2.63,,37.4213570129946,,,4.22769324983409,,,100.0,8.8,83.3767,66516.3133363404,0.0,0.0,,174.42,27200.06,6004.73,1418.69
Denmark,2.677,0.0,0.0,11.53,408.23,99.9188291924832,7.1,2.5,1024.46193125075,2.37605309486389,2.01564884185791,0.850847959518433,1.83951985836029,1.90893590450287,1.66469931602478,1.0,8.0,6.456,0.0,,2.64,99.0,25747.50007,3.86,29.663,,28.3,23.8,3.30517811237606,5.094,11.499,100.0,39.5,97.8601,261262.408036924,0.0051995781250298,0.0,519.0,85.25,11177.32,242.78,413.83
Dominican Republic,1.488,2070444.0,211757000.0,293.82,1321.74,44.9411768110773,46.1,4.6,2112.64895973165,-0.449474930763245,0.12803441286087,0.239014014601707,0.171186909079552,-0.128592282533646,0.325887054204941,1.0,20.4,462.0,,,8.4,82.81433,,5.15,,29.9071362720136,38.5,30.2,4.78561281021135,5.555,11.559,98.1,14.8,84.3832,216.480684195454,0.0153229804709554,0.0,,542.22,25202.69,19696.01,1432.95
Algeria,2.33,111021.0,0.0,46.0,1131.52,70.5979339572563,18.9,2.5,251.267289035955,-0.589308321475983,-0.670135140419006,-0.577885270118713,-0.948087155818939,-0.678364396095276,-0.979883790016174,0.0,,180.0,,81.40784,21.12,,,4.51,,761.792758440659,,,9.32217375928322,11.701,30.447,100.0,0.1,71.2432,100.294126063305,0.16007687151432,1.0,,42.96,13316.6,7483.94,1470.42
Ecuador,1.55,629877.0,260182000.0,67.21,651.8,67.0895117739847,36.9,13.9,25019.151753484,-0.647337436676025,-0.494244992733002,-0.338139981031418,-0.718200981616974,-0.957790791988373,-0.061911303550005,1.0,27.4,493.0,,,8.52,86.98,,6.25,,13.6144818758088,45.8,34.7,2.21568764237058,3.51,7.782,100.0,18.9,69.7181,475.303701323292,0.525033473968506,34.0,,257.1,19602.53,28913.59,672.45
Egypt,2.049,24685.0,89476000.0,165.9,2943.07,,29.8,8.5,9.01249968816751,-0.747790396213531,-0.239516973495483,-0.866764307022095,-0.665456295013428,-0.184178426861763,-1.37938976287842,0.0,,171.0,,,31.12,80.24802,,5.16,95.93,27.2772901151394,,,33.8847763115546,7.334,19.073,100.0,6.1,72.1981,53.3021246846793,0.61648017168045,6.0,,6.47,31547.45,11447.7,1410.34
Eritrea,1.814,0.0,0.0,2764.29,3690.0,,,,835.775239740635,-1.47526490688324,-1.79375612735748,-0.792767763137817,-2.36299300193787,-1.76205575466156,-1.86236107349396,0.0,,27.0,,76.57052,,,,4.34,,,,,,5.586,9.467,55.4,80.7,26.5942,0.288152052074839,0.0767808929085732,0.0,,356.66,28200.62,16353.34,2639.3
Western Sahara,2.204,,,,,,,,,,,,,,,,,,,,,,,,,,,,,,,,,,,,,,,,,
Spain,2.489,75504.0,6560417000.0,8.91,323.24,99.5671426373018,6.9,2.5,2345.21012133636,0.629368722438812,0.752065539360046,0.287291556596756,0.693764328956604,0.822885692119598,1.19472968578339,1.0,16.9,2.911,,98.4365,2.25,93.3,55228.79532,5.78,105.034,,33.9,24.7,3.53236133492433,12.179,28.753,100.0,19.0,94.4855,28736.5679302373,0.0326404124498367,2.0,203.0,436.07,6652.73,427.09,438.65
Estonia,3.625,0.0,0.0,5.54,273.18,97.0193826204319,9.3,2.5,9549.69900791325,1.53812229633331,1.2634699344635,0.660533905029297,1.42964351177216,1.42638897895813,1.21992552280426,1.0,10.0,1.999,0.0,,0.2,97.74,1335.80567,3.6,19.314,,31.8,24.3,9.15922507983982,6.378,17.207,100.0,38.0,91.5202,112224.017467886,0.0049907122738659,0.0,206.0,358.72,18666.99,760.07,779.02
Ethiopia,1.532,34374200.0,666345000.0,2186.46,3588.72,13.2378982432178,59.0,22.2,998.865321744181,-0.465061634778976,-0.768662095069885,-1.96956777572632,-1.0210794210434,-0.670203268527985,-1.06066715717316,0.0,,27.0,,,,,,4.79,38.741,,,,30.2188278135278,3.402,5.436,55.0,90.6,19.3781,17.4681050894878,0.981644809246063,2225.0,,657.11,37371.88,34166.17,2249.79
Finland,3.317,0.0,0.0,4.04,117.01,99.6420270617799,12.6,2.5,19310.5345101811,2.22151660919189,1.73860657215118,0.713986694812775,1.76514935493469,1.96704590320587,1.63263607025146,1.0,7.8,4.902,,,0.0,100.0,16267.1525,2.71,77.025,,27.7,22.9,6.25064322154763,7.151,16.107,100.0,50.2,92.9888,153868.49826224,0.0044198608957231,0.0,206.0,50.26,10692.95,216.34,395.91
Fiji,1.346,587430.0,53898000.0,420.11,2474.94,41.8635812237094,29.2,7.8,31143.9483108635,0.50627201795578,0.490778684616089,0.744343459606171,-0.0902230963110924,0.304903954267502,0.186145916581154,0.0,,352.0,6.0,,2.44,,,3.9,,60.7610713816015,,,2.14817440623896,4.322,15.519,92.0,29.7,85.2199,229.40123032641,0.0031028783414512,0.0,,53.57,40847.0,19015.52,1852.82
Falkland Islands (Malvinas),,,,,,,,,,,,,,,,,,,,,,,,,,,,,,,,,,,,,,,,,,
France,2.929,93853.0,9670090000.0,7.33,303.67,99.7041454123987,7.9,2.5,2947.99105538242,1.18482184410095,1.14462625980377,0.343697965145111,1.15350544452667,1.18057084083557,1.15460133552551,1.0,13.3,4.865,,,1.48,,141477.13591,5.66,110.642,,31.5,24.9,4.87835726508441,7.335,17.274,100.0,16.2,85.3333,52082.5872535037,0.245907843112946,48.0,251.0,373.8,11167.04,233.38,414.66
Faroe Islands,1.764,,,,,,,,,,,,,,,,,,,,,,,,,,,,,,,100.0,5.1,,8351.38210785213,,,,,,,
"Micronesia, Federated States of",0.877,113000.0,0.0,364.37,3145.2,,,,,0.783704280853271,0.232347309589386,1.0807785987854,-0.580112159252167,0.643969178199768,1.08513557910919,,,397.0,,,,,,3.3,12.422,,,,,,,85.3,2.1,40.5434,159.815324513895,0.0,0.0,,130.91,41013.88,16439.17,1825.94
Gabon,1.534,16400.0,0.0,616.17,1656.83,,,20.1,69002.601061462,-1.01552844047546,-0.779809296131134,-0.335527300834656,-0.704819560050964,-0.872693359851837,-0.919151186943054,0.0,,247.0,,84.66716,14.68,,,4.9,,,,,3.62901534185376,20.278,36.368,93.5,91.3,73.6951,43.0620064721793,0.0103001296520233,0.0,,3056.68,31392.3,32010.09,2577.55
United Kingdom,1.911,1230.0,511568000.0,9.74,385.86,99.8041470058874,5.7,2.5,2163.33017497074,1.48091387748718,1.16114270687103,0.514935672283173,1.53656673431396,1.39836597442627,1.26162397861481,1.0,13.2,5.036,0.0,,0.15,100.0,146625.35073,4.89,101.147,,32.4,24.6,6.79396706793963,3.984,11.828,100.0,12.2,95.3412,47452.8310168252,0.0156448353081942,0.0,,208.25,12561.25,290.09,481.73
Georgia,2.51,363513.0,0.0,23.72,2253.27,69.1418510304816,32.4,4.0,15674.3362068268,0.617694795131683,0.791285872459412,-0.335554122924805,0.946578145027161,0.177279338240623,0.0347131341695786,1.0,27.1,478.0,,,,,580.59135,2.96,,19.3659485596282,34.2,26.2,2.48776056578715,11.537,30.166,100.0,25.2,78.7113,5251.80710018051,0.0234540067613125,1.0,,129.58,26555.68,3527.87,1225.09
Guernsey,,,,,,,,,,,,,,,,,,,,,,,,,,,,,,,,,,,,,,,,,,
Ghana,1.494,46627.0,0.0,1111.38,3272.2,44.4680831984093,42.4,6.2,931.77256815432,-0.0990211144089699,-0.092661589384079,-0.0216207038611174,-0.18065220117569,-0.0996378883719444,0.410351544618607,1.0,,82.0,,79.03964,30.41,50.06646,2134.54004,6.01,,22.6387553273461,,,38.1069656296501,3.063,5.482,85.1,39.0,69.8405,48.1533130456056,0.304152280092239,15.0,13.0,1149.9,25244.32,37823.51,2734.83
Gibraltar,2.228,,,,,100.0,,,,,,,,,,,,,,,,,,,,,,,,,,100.0,0.0,,8837.82589482987,,,,,,,
Guinea,1.559,368051.0,0.0,2574.13,5749.94,,,10.3,16483.7012298519,-0.897673428058624,-0.907938599586487,-0.877875149250031,-1.07605743408203,-1.11396610736847,-1.14505314826965,0.0,,55.0,,,,,239.5675,5.2,,,,,7.80497591927973,5.244,7.098,47.7,66.8,33.923,10.4821308131051,0.129218250513077,0.0,4.0,907.83,24956.21,48279.9,3058.01
Guadeloupe,1.16,0.0,0.0,,,,,,,,,,,,,,,,,,,,,,,,,,,,,,,,,,,,,,,
Gambia,1.77,34050.0,0.0,1626.59,4269.74,47.6746525259498,59.0,20.5,1164.59175236121,-0.281129717826843,-0.590593457221985,-0.0120199294760823,-0.639587819576263,-0.374314546585083,-0.0410085804760456,1.0,,29.0,,,61.76,,,4.83,,58.6544925133433,,,16.9742129632327,6.479,10.811,65.4,48.6,54.1899,52.2639365864236,0.004646654240787,0.0,,1380.9,20463.64,20869.52,3149.06
Guinea-Bissau,1.674,,,2081.4,5230.78,23.871601843252,62.5,32.2,7771.36262586572,-1.1783698797226,-1.43258428573608,-0.327665239572525,-1.24987518787384,-1.43643689155579,-0.436878204345703,0.0,39.9,66.0,,,,17.07577,,5.45,,,33.4,26.1,,2.65,2.817,37.4,87.4,31.567,6.50153087832431,0.0117005053907633,0.0,10.0,2291.27,25218.78,32129.63,3311.66
Equatorial Guinea,1.602,0.0,0.0,547.95,1427.67,,,,14782.9241306219,-1.57037270069122,-1.32034909725189,-0.235371336340904,-1.47442591190338,-1.33868646621704,-1.67685103416443,0.0,,190.0,,,,,,4.11,,,,,,8.367,15.548,67.0,5.2,66.8193,43.8418683347505,0.021754028275609,0.0,,5752.05,27979.33,29410.86,1959.83
Greece,1.905,89180.0,932501000.0,12.53,1108.65,98.879641286099,6.4,2.5,5487.63970655509,0.0978469252586365,0.148003026843071,0.239744067192078,0.578935325145721,0.213158577680588,1.01216721534729,1.0,16.7,1.768,0.0,97.93595,2.51,99.24,,4.93,168.869,,32.9,24.8,3.46480128513405,11.066,26.642,100.0,21.5,83.1707,14229.661985464,0.0091776037588715,0.0,36.0,41.74,11766.36,362.39,486.23
Grenada,1.235,106981.0,0.0,82.39,1495.36,,19.9,,1713.9723022076,0.558168590068817,-0.0060560517013073,1.01801919937134,0.314693748950958,0.604949295520782,0.753503501415253,,,521.0,,,,,35.72697,3.05,,46.2305995308464,,,2.69612269814564,,,94.2,10.2,79.8955,614.958874625259,0.0,0.0,,131.06,25004.48,6299.62,1407.95
Greenland,2.482,,,,,,,,,1.02827477455139,0.763896942138672,1.49536979198456,1.20690584182739,1.68432629108429,1.27391934394836,,,,,,,,,,,,,,,,,100.0,11.6,,4765.67308537765,,,,,,,
Guatemala,1.728,11471562.0,666840000.0,782.66,1601.07,56.293305047255,59.8,12.6,6205.02140789208,-1.12161290645599,-0.897167265415192,-0.244364932179451,-0.290354937314987,-1.07527709007263,-0.53369927406311,1.0,,396.0,,,23.4,48.75,2113.8673,6.48,,79.5596400800381,,,,2.344,4.334,99.1,62.1,54.4043,109.187182804061,0.0599981881678104,0.0,24.0,89.72,30590.26,20446.12,1478.69
French Guiana,,139.0,0.0,,,,,,,0.938142716884613,1.28207969665527,0.229917466640472,1.06676125526428,1.12912011146545,1.27391934394836,,,,,,,,,,,,,,,,,,,,,,,,,,,
Guam,,100000.0,4300000000.0,,,99.059791733307,,,,1.25135612487793,0.654167771339417,0.8934046626091,0.512013554573059,0.948083341121674,,,,,,,,,,,,,,,,5.363,13.215,100.0,4.5,,936.903174660373,,,,,,,
Guyana,1.506,35000.0,0.0,352.52,2073.28,,25.5,2.5,295530.741328441,-0.383745014667511,-0.294486999511719,-0.05517203733325,-0.563037872314453,-0.342232912778854,0.148810401558876,1.0,,532.0,,,4.79,84.05479,221.49193,5.1,,41.8469798362876,,,2.82110335099641,12.025,25.676,93.0,13.2,85.3163,101.651473401803,0.0110037233680487,0.0,,758.69,29973.33,27011.26,1773.68
Hong Kong,2.017,140.0,0.0,,,100.0,,2.5,,1.62514543533325,1.55483567714691,0.673060536384583,1.60433173179626,1.29364585876465,-0.320146769285202,0.0,,,,,5.38,,10620.04818,,,,,,2.09660511249089,2.949,8.939,100.0,0.4,95.6136,131226.894547578,,,,,,,
Heard Island and McDonald Islands,,,,,,,,,,,,,,,,,,,,,,,,,,,,,,,,,,,,,,,,,,
Honduras,1.813,5574615.0,0.0,392.75,1941.51,65.2067969400954,56.0,20.4,8810.60094304334,-1.11195814609528,-0.795222759246826,-0.45921716094017,-0.550886929035187,-1.09500813484192,-0.45370152592659,0.0,,251.0,,87.20524,13.58,48.49,,6.98,41.982,69.2918640610282,,,6.66325180347457,6.07,10.498,94.4,45.9,59.7135,138.188876481221,0.590831160545349,112.0,12.0,36.97,32864.25,26448.25,1164.22
Croatia,2.282,215548.0,15332615000.0,14.54,1406.43,,7.9,2.5,9719.04734774416,0.181928679347038,0.712653696537018,0.59771203994751,0.643900275230408,0.36060556769371,0.569745063781738,1.0,13.3,1.344,0.0,,1.8,98.58,2166.94139,5.06,63.018,,28.9,22.3,7.9412817758683,6.086,18.901,100.0,34.1,82.0716,29421.5643448716,0.0062392759136855,0.0,114.0,14.84,18093.21,786.87,778.61
Haiti,1.537,1172423.0,2241748000.0,2980.52,5125.48,,82.8,50.4,1143.51414636102,-1.44387412071228,-2.22533392906189,-1.43452179431915,-1.39060175418854,-1.3636075258255,-1.17997741699219,0.0,,52.0,,,25.74,,226.16892,5.73,,94.3280505570266,,,36.8135162780854,14.556,36.421,49.3,76.7,,7.38996810111676,0.880444824695587,435.0,,1659.06,34770.05,14299.08,2991.42
Hungary,2.524,0.0,0.0,26.3,1566.65,100.0,15.0,2.5,617.926607003106,-0.0004981306265108,0.372758895158768,0.731891810894012,0.318309366703033,0.427084535360336,0.35952889919281,0.0,9.7,1.224,0.0,,0.29,98.52,6604.44264,4.5,69.442,,29.2,24.1,17.1249659678737,4.107,12.802,100.0,15.3,89.1428,53717.7865400025,0.0080577740445733,0.0,90.0,22.69,19911.55,786.05,793.76
Indonesia,1.488,24681106.0,1220403000.0,511.77,2136.96,30.2661667151466,4.9,7.2,7294.09669607699,-0.48687219619751,0.58032637834549,-0.404375314712524,0.301378756761551,-0.153604462742805,0.138982817530632,1.0,26.2,127.0,,95.65856,7.5,,,6.38,39.601,34.6778758640693,35.5,28.3,3.67013142377007,3.308,13.124,100.0,20.2,66.4846,2722.38990575723,0.829572319984436,89.0,,47.84,40897.98,9089.54,1318.54
Isle of Man,1.84,0.0,0.0,,,99.7098313889755,,,,,,,,,,,,,,,,,,,,,,,,,,100.0,3.2,,21564.7834610586,,,,,,,
India,1.088,59743513.0,44399504000.0,960.15,3977.53,,,13.7,1022.48339443127,-0.366014748811722,0.47511014342308,-0.635076940059662,-0.136969581246376,0.188364565372467,0.0944044888019562,0.0,33.1,80.0,,74.37299,33.16,,,5.53,83.02,104.329764836502,32.8,25.5,5.64914318907925,4.172,15.661,99.2,34.9,,966.082590066802,0.963525056838989,403.0,,135.6,31590.03,13094.54,2709.89
British Indian Ocean Territory,,,,,,,,,,,,,,,,,,,,,,,,,,,,,,,,,,,,,,,,,,
Ireland,1.764,0.0,0.0,5.45,193.72,95.9914050398065,4.2,2.5,9735.42686071823,1.5752888917923,1.59114551544189,0.901911556720734,1.74936389923096,1.63358354568481,1.48345601558685,1.0,7.8,6.448,,,0.73,96.62,11771.25081,4.9,43.273,,30.1,24.8,6.29942487419125,4.288,10.56,100.0,12.7,95.5905,150045.406586781,0.0062790038064122,0.0,,82.6,10871.71,245.86,385.62
"Iran, Islamic Republic of",2.37,6251961.0,3636049000.0,22.78,1214.5,94.2212514688695,39.9,6.5,1452.7080558303,-1.23189043998718,-1.02239692211151,-1.6941009759903,-1.68747353553772,-1.06095492839813,-1.45358419418335,0.0,21.1,238.0,0.0,,14.18,,15843.25485,7.1,,,35.5,27.2,44.5791857572797,9.041,22.637,100.0,0.9,81.717,6599.35473971613,0.891785204410553,44.0,,25.47,31571.09,5950.29,1094.77
Iraq,2.644,7030200.0,133474000.0,74.24,1909.55,59.7426312653863,,16.1,817.251226114817,-1.32103753089905,-1.38960635662079,-2.41309809684753,-1.43832731246948,-1.69316685199738,-0.958918929100037,0.0,,255.0,,,24.72,,,7.05,,253.247660175051,,,4.35835351089586,15.447,31.97,100.0,1.1,78.7156,43.6393011863656,0.958138763904572,483.0,,5.16,19555.97,13340.45,1313.64
Iceland,1.694,3665.0,75000000.0,6.26,83.87,100.0,7.0,2.5,456351.336840975,1.55130612850189,1.55512094497681,1.21440374851227,1.28444385528564,1.72111761569977,1.44590175151825,1.0,,6.852,,,1.56,100.0,1875.35733,3.39,62.243,,,,8.73630299937298,3.518,8.488,100.0,82.4,99.8565,85402.5305771719,0.0011618951102718,0.0,281.0,73.6,9958.25,211.24,347.71
Israel,2.003,21.0,682841000.0,7.64,436.7,99.4711560405675,,2.5,80.0307318010116,0.829359412193298,1.1453697681427,-1.46484839916229,1.12179791927338,0.783846437931061,0.64426463842392,1.0,22.2,4.224,1.0,,2.54,,21522.37935,4.41,61.94,,37.9,26.6,4.22535211267609,3.596,6.595,100.0,6.2,91.8508,13047.4755550089,0.747803628444672,1331.0,371.0,147.8,11484.63,426.03,481.86
Italy,2.135,62655.0,10069396000.0,8.03,679.47,92.7105575597704,2.0,2.5,3086.25414029448,0.550129175186157,0.611036896705627,0.583320736885071,0.644031763076782,0.390358686447144,1.11553084850311,1.0,16.6,3.135,,99.15576,5.61,98.97,79353.5505,5.81,134.794,,34.8,26.2,5.62219442195901,7.627,22.727,100.0,17.5,85.0607,30239.3103644089,0.0205956492573023,0.0,,276.07,14271.97,195.93,416.07
Jamaica,1.623,160000.0,0.0,91.88,1054.39,,55.1,7.3,3814.02849226939,-0.112082988023758,0.407290458679199,0.384837329387665,0.0980334356427193,-0.174516573548317,0.56428599357605,1.0,22.0,468.0,,,5.71,,740.47952,5.91,,30.2135369549201,40.2,29.9,6.47413734662063,4.4,13.689,100.0,10.5,85.1185,190.859452085474,0.0115437172353268,0.0,,472.77,22871.72,6869.58,1467.82
Jersey,,,,,,,,,,1.02827477455139,1.1812584400177,1.74471306800842,0.98214590549469,1.68432629108429,1.27391934394836,,,,,,,,,,,,,,,,,,,,,,,,,,,
Jordan,1.972,2000.0,0.0,30.55,803.51,85.7091310193345,,17.9,61.6282360697596,0.0886586904525757,0.386213511228561,-0.20273420214653,0.217705458402634,0.257768124341965,-0.774707794189453,0.0,,295.0,,98.22711,6.98,,1336.90282,4.71,,,,,2.08486986327134,17.969,41.743,100.0,11.5,90.5,182.967132441716,0.0563951246440411,0.0,,2.41,8703.36,7374.97,1439.61
Japan,1.437,500985.0,31157764000.0,12.19,528.3,98.6585502009944,5.5,3.4,3421.34428547544,1.3956606388092,1.63126504421234,0.951136231422424,1.46932590007782,1.53553938865662,1.10550534725189,1.0,,3.889,,,0.13,,156643.99752,4.53,249.669,,,,3.26813365933163,2.6,4.116,100.0,8.8,84.9234,31701.7121806602,0.0126583706587553,0.0,,38.75,19119.27,561.51,646.16
Kazakhstan,2.853,224300.0,0.0,17.56,1477.48,,2.2,2.5,3259.28352590963,-0.26659306883812,0.146814674139023,-0.27334600687027,0.0659545287489891,-0.446781367063522,-1.00384140014648,0.0,8.3,421.0,,99.78163,0.05,,4588.52488,4.26,,21.3072971711665,29.2,24.8,14.7249900200331,4.821,3.801,100.0,2.0,92.2969,5814.13651400898,0.0185717213898897,0.0,63.0,111.9,23133.67,3858.33,1684.08
Kenya,1.624,8145288.0,306101000.0,1601.83,2293.98,,72.8,34.5,388.95761726142,-0.770913004875183,-0.303605198860168,-0.937771916389465,-0.390806585550308,-0.326221644878387,-0.124170683324337,1.0,45.7,90.0,,81.53497,19.68,70.51127,3713.13953,6.95,,23.0254823086428,38.7,31.8,7.67139634029402,5.567,12.012,76.0,67.7,40.8137,297.132205291086,0.88486659526825,224.0,,3115.69,32356.01,34047.41,1460.02
Kyrgyzstan,2.619,121251.0,0.0,83.68,2020.53,76.4871521039571,7.0,6.1,7141.78955468395,-1.22109532356262,-0.890727877616882,-0.48121976852417,-0.616720378398895,-1.1741224527359,-0.723200380802155,0.0,19.5,86.0,,99.586,0.76,95.86388,464.19387,5.33,44.717,32.9176143425874,28.8,24.2,10.7532770416742,3.991,8.205,99.7,27.6,79.7703,816.366773477939,0.0588363781571388,0.0,,108.37,24013.13,5035.57,1787.91
Cambodia,1.552,954955.0,117731000.0,439.78,3752.59,29.131279569715,50.5,4.6,7104.85642858426,-1.29921674728394,-0.305874288082123,0.0444938205182552,-0.684618413448334,-0.819127440452576,-1.29242181777954,0.0,,110.0,,,22.22,40.52178,,5.83,25.729,101.094874959645,,,2.12746796594194,0.225,0.695,92.3,52.4,56.7328,223.199425156739,0.0518440827727318,0.0,,427.97,35581.97,8456.82,1926.94
Kiribati,1.425,,,1308.49,3770.34,14.4140746669502,41.0,3.7,,0.411750495433807,-0.096573106944561,1.09988939762115,-0.278862416744232,0.587936818599701,1.08984088897705,,,218.0,,,,,,2.35,11.724,,,,9.28307374517721,,,94.4,42.2,54.4214,22.6363842148947,0.0,0.0,,7.69,44277.59,16235.79,2435.1
Saint Kitts and Nevis,1.131,,,140.41,375.59,,29.8,,513.226268631183,0.413433611392975,0.380410820245743,0.923393249511719,0.541928887367249,0.479547560214996,0.774220764636993,,,1.16,,,,,,4.1,55.93,,,,3.55711230848243,,,100.0,1.6,76.4575,8233.88511056931,0.0,0.0,,621.73,24994.6,1411.83,1384.93
"Korea, Republic of",1.762,87900.0,2362276000.0,8.51,790.6,99.2801236024823,5.7,2.5,1252.66713307994,0.894088566303253,1.40480732917786,0.609834730625153,1.122523188591,1.24850225448608,0.8595951795578,1.0,14.2,3.05,0.0,,3.44,,,4.91,,,32.9,24.6,3.5974562502901,2.675,5.405,100.0,3.6,97.1686,9728.36049939764,0.0094142854213714,0.0,224.0,17.08,18989.17,8424.26,563.37
Kuwait,2.676,,,10.04,1010.6,100.0,8.7,2.5,0.0,0.206611827015877,0.0075402706861496,0.408179193735123,0.320921540260315,0.341668486595154,-0.594156503677368,0.0,,1.7,,96.05647,6.09,,,5.14,,,,,3.64216403030709,2.127,15.453,100.0,0.1,99.8436,385.501357805424,0.0320047810673714,0.0,,1.48,15415.86,869.92,1007.9
Lao People's Democratic Republic,2.2,486726.0,7854000.0,812.78,4027.81,17.8720755715615,36.3,5.4,25546.0947346869,-0.973836362361908,-0.6432785987854,0.814461767673492,-0.927797913551331,-0.832905530929565,-1.63225436210632,0.0,,42.0,,,31.19,,,5.51,,10.1458941648593,,,31.2301341732646,1.188,2.179,100.0,51.5,66.1548,274.103316206551,0.0326662063598633,0.0,,154.56,20388.28,23647.6,1795.18
Lebanon,2.154,3999200.0,0.0,60.98,926.82,47.7,40.1,9.6,839.43644434309,-1.22706246376038,-1.58038187026978,-1.51903915405273,-1.01446163654327,-1.16507518291473,-0.654260396957397,0.0,,392.0,,95.06944,,,,6.76,,52.6742373416269,,,221.341644023365,11.543,23.552,100.0,6.8,90.0522,676.020565020171,0.615609467029572,123.0,,42.56,18360.67,5818.65,1129.72
Liberia,1.593,51000.0,0.0,2346.84,3851.54,,81.0,38.4,38027.708128974,-0.888349294662476,-1.35536432266235,-0.1162094399333,-0.923699855804443,-1.03163075447083,0.0538939349353313,1.0,,100.0,,,47.26,,90.51,5.05,,37.9103349238241,,,10.0944535665552,2.933,2.191,31.8,93.2,30.1275,9.28449156758809,0.0207314696162939,0.0,,862.47,22866.6,66262.4,2841.61
Libya,1.924,1603335.0,6200000000.0,47.95,1693.62,,37.9,11.4,98.1055124786708,-1.52501881122589,-1.63588905334473,-2.1680154800415,-1.9459183216095,-1.76977610588074,-1.39111697673798,0.0,,278.0,,,22.1,,,6.55,,,,,2.37317531435169,18.753,49.623,70.0,3.1,88.4281,112.241756698472,0.17183455824852,2.0,,22.87,22071.54,14679.42,1196.95
Saint Lucia,1.161,5500.0,38233000.0,87.05,1286.63,,22.2,,1680.46515275428,0.54412841796875,0.0738346204161644,1.01801919937134,0.3971788585186,0.605028092861176,0.862668752670288,,,645.0,,,,,,4.09,,48.5156355794644,,,4.07060821926204,11.092,29.146,100.0,9.7,74.1859,702.791644588225,0.0,0.0,,72.87,25119.6,5724.01,1442.77
Liechtenstein,2.534,0.0,0.0,11.19,672.4,100.0,,,,1.71017241477966,1.62781953811646,1.61275815963745,1.62123084068298,1.71267354488373,1.4039351940155,,,,,,,,,1.88,,,,,,,,100.0,53.6,96.8046,66173.1493099122,0.0,0.0,,52.52,13814.95,417.35,577.53
Sri Lanka,1.369,1958530.0,0.0,79.51,1810.83,47.1275328737655,11.4,4.1,2383.10164289583,-0.383976995944977,-0.25227889418602,-0.508541285991669,-0.507761836051941,-0.0906768143177032,-0.231143683195114,1.0,,146.0,,91.70982,4.43,,2447.33277,4.64,,5.34029778106968,,,16.5411742279832,5.997,26.262,100.0,48.8,50.1067,482.370558605981,0.0563504211604595,0.0,,11.37,32423.15,6991.03,1391.87
Lesotho,2.015,1468567.0,0.0,5047.78,4870.65,28.2174874193037,56.7,,2312.58141568894,-0.509478509426117,-0.953606307506561,-0.30576080083847,-0.590149462223053,-0.480017185211182,0.0299380328506231,1.0,,134.0,,,12.39,26.55557,172.43841,3.9,,43.5440399322074,,,6.34221743124953,16.457,24.752,50.0,33.6,47.0368,89.1206988447189,0.0125333946198225,0.0,,19334.57,31413.99,14364.56,1784.52
Lithuania,3.445,0.0,0.0,9.95,1000.24,94.9814964714414,6.1,2.5,5519.77461039353,0.781545519828796,1.05012118816376,0.742111504077911,1.33804214000702,1.26719617843628,1.07111299037933,1.0,13.1,1.83,0.0,,0.0,98.4,1820.65971,3.31,38.29,,36.7,29.1,9.11731962390475,6.841,13.712,100.0,33.2,87.7242,96899.7957573953,0.0095069734379649,0.0,111.0,94.11,22574.79,846.19,842.06
Luxembourg,2.926,0.0,0.0,5.27,215.05,99.5340819574653,2.6,2.5,1562.34376562344,1.92665910720825,1.91421329975128,1.05400168895721,1.92906320095062,1.75243473052979,1.63266289234161,1.0,13.4,7.023,1.0,,4.64,90.46,2291.03007,2.36,25.67,,32.7,24.5,3.74140361983136,5.184,18.847,100.0,20.5,98.242,60480.4705670513,0.0053738038986921,0.0,565.0,123.61,11321.89,219.82,383.9
Latvia,3.55,200.0,0.0,7.58,1367.93,97.1112722593105,10.2,2.5,8989.16948352074,0.698113977909088,0.696560978889465,0.591089129447937,1.17222261428833,1.03986096382141,0.993027687072754,1.0,14.7,1.642,0.0,99.88931,0.3,98.77,1331.14018,3.51,43.574,,34.3,26.2,8.93804623316637,6.465,12.323,100.0,44.0,91.0301,26170.1408030595,0.005500687751919,0.0,296.0,294.85,21986.69,823.61,832.63
Macao,2.017,,,,,100.0,,10.7,,0.849051773548126,1.08997046947479,1.07105338573456,1.79425728321075,0.783238708972931,-0.509288549423218,,,,,,3.46,,1365.14699,,,,,,0.476384495788075,2.235,6.605,100.0,13.6,89.7864,5760.16499705362,,,,,,,
Saint Martin (French part),,,,,,96.6287648090298,,,,,,,,,,,,,,,,,,,,,,,,,,100.0,,,1272.03343630747,,,,,,,
Morocco,2.303,841375.0,7000000000.0,149.18,1738.44,74.8241993528604,,6.9,784.750044392498,-0.536348581314087,-0.0359151102602482,-0.367761224508286,-0.0642079934477806,-0.127505928277969,-0.489260077476501,0.0,,199.0,,73.75001,43.76,,,4.79,,54.2696049329314,,,6.09114152504141,9.044,22.341,100.0,10.9,89.9,567.610133561799,0.266691774129868,5.0,,56.84,23076.15,10345.13,1421.8
Monaco,2.737,,,8.75,589.05,100.0,,,,1.25135612487793,2.02295255661011,1.18497908115387,1.35054576396942,1.47689890861511,0.65396785736084,,,7.656,,,,,93.76383,2.43,,,,,,,,100.0,,98.3776,31805.113461341,,,,53.63,11133.49,302.94,341.32
"Moldova, Republic of",3.06,0.0,0.0,40.03,2101.8,75.2243421159045,24.7,2.5,624.082896700027,-0.28033846616745,-0.164951995015144,-0.683699607849121,0.105498053133488,-0.152658581733704,0.236791402101517,1.0,11.2,398.0,,,0.98,,543.28962,4.45,35.306,43.1891158772366,25.7,22.1,13.41701043813,1.555,3.991,100.0,21.4,63.5349,11525.8344613825,0.0070160254836082,0.0,8.0,201.25,25103.85,1050.71,1080.78
Madagascar,1.438,2979229.0,36659000.0,4094.39,4363.67,22.2392232754516,68.6,39.7,11350.2090846602,-1.00018215179443,-1.02277612686157,-0.690745651721954,-0.799546599388123,-0.974946022033691,-0.319516479969025,0.0,,16.0,,74.80432,,,,5.59,,43.6790686321069,,,9.87432675044888,3.069,5.48,36.1,83.6,20.5777,22.1823794204962,0.0373643599450588,0.0,2.0,175.06,27279.05,24531.57,2363.36
Maldives,1.555,1320.0,0.0,83.72,360.0,,13.4,,58.1221883391391,-0.396943330764771,-0.127973482012749,0.53012090921402,-0.672039389610291,-0.0786015242338181,-0.137529924511909,1.0,,1.151,,,19.52,,,4.06,,19.6563989089578,,,2.92746542425035,4.241,15.036,100.0,1.4,83.9119,1237.6567033084,0.0053198365494608,0.0,,6.14,32712.31,4333.65,1446.73
Mexico,1.726,1228570.0,13821249000.0,90.19,841.19,43.0378794213272,20.7,3.1,3204.12012558145,-1.02057874202728,-0.198361441493034,-0.630761027336121,-0.171988308429718,-0.806393921375275,-0.115086063742638,1.0,,651.0,,95.37991,7.24,86.28,52362.28281,7.56,,34.5483714033767,,,5.52796087314389,2.765,5.844,100.0,13.0,78.6322,412.117306307005,0.993226528167725,13877.0,,170.79,29286.1,14803.94,694.62
Marshall Islands,0.783,37936.0,0.0,471.06,3018.63,,,,,0.411750495433807,0.069975346326828,1.18497908115387,-0.422844558954239,0.676997244358063,1.12555754184723,,,758.0,,,,,,2.31,18.669,,,,,,,100.0,12.1,73.2238,154.531640353362,0.0,0.0,,129.42,42183.58,11444.39,1954.4
North Macedonia,2.083,80000.0,0.0,21.43,2791.25,80.4470258702833,20.2,2.5,2939.39298268915,-0.34861546754837,-0.0513173453509808,0.170306503772736,0.427339255809784,-0.168044894933701,0.162697300314903,1.0,,562.0,,,,,,5.31,54.505,37.9838272331065,,,9.36187249769016,13.174,29.557,100.0,19.5,84.2304,1857.95506768734,0.0088209211826324,0.0,,3.35,23934.5,864.12,933.89
Mali,1.687,8994753.0,0.0,2689.3,6789.24,,20.0,9.6,2679.93173320565,-0.861831545829773,-1.13859808444977,-2.7291362285614,-0.679561257362366,-0.977649748325348,-1.01174712181091,0.0,38.5,30.0,,35.47377,74.57,,582.32205,5.89,,,35.7,28.3,2.05880228274214,2.956,3.801,53.0,71.2,33.0528,14.0518412813394,0.947748124599457,2109.0,,534.37,22468.1,42832.96,3629.01
Malta,2.123,0.0,0.0,8.89,642.23,99.7724155281172,8.2,2.5,97.3895737229431,0.10974658280611,0.397335052490234,0.858121693134308,0.687359094619751,0.702327609062195,0.913654506206512,1.0,,3.353,0.0,94.50319,1.64,99.25,615.00552,4.65,50.397,,,,5.09396758978883,3.11,9.166,100.0,8.6,91.5406,4823.18311994457,0.0031869045924395,0.0,157.0,70.23,11394.77,259.25,423.36
Myanmar,1.726,2533592.0,2240000000.0,494.47,4712.7,57.3964993719658,32.0,5.3,18783.56311605,-1.21649932861328,-1.75280201435089,-2.12527012825012,-1.43684935569763,-1.61694085597992,-1.84359860420227,0.0,,58.0,,,16.95,,1402.59378,7.59,,,,,,3.032,10.017,73.7,62.9,,20.1722406397571,0.991508543491364,3125.0,,407.53,40033.19,18369.45,2132.84
Montenegro,2.232,0.0,0.0,4.13,2349.1,85.1189179871969,12.3,2.5,,-0.0793098732829094,0.247063115239143,0.0693022906780243,0.374201148748398,-0.0421564690768719,0.342006295919418,1.0,20.8,1.107,,98.84718,,,,6.0,61.498,20.9885606691238,34.3,24.7,8.58476910455403,14.621,25.998,100.0,39.6,88.2219,2247.73076567285,0.0059149875305593,0.0,,14.68,21412.31,841.56,902.43
Mongolia,2.493,1061951.0,2001000.0,128.23,1980.67,39.2801550444961,5.3,2.5,10284.4750824605,-0.492604404687881,-0.47153577208519,0.592669785022736,-0.175534680485725,-0.184480711817741,0.250342100858688,1.0,,448.0,,98.42312,4.29,89.48836,467.1527,4.01,46.795,12.6182488373453,,,10.3475831314339,5.503,12.328,100.0,3.0,83.9145,2354.68502461116,0.0137518225237727,0.0,,11.64,28098.46,6782.13,1772.46
Northern Mariana Islands,,,,,,90.6391752577319,,,,,,,,,,,,,,,,,,,,,,,,,,100.0,0.5,,2037.96823427774,,,,,,,
Mozambique,1.262,11483853.0,0.0,2133.11,4498.65,,,24.8,3163.25951343203,-0.828437745571136,-0.716628909111023,-1.26869130134583,-0.708528399467468,-1.02632343769073,-0.593393087387085,0.0,,49.0,,,68.14,,727.785,6.53,,6.0330675022162,,,7.12697482131851,3.519,7.377,33.2,76.9,21.207,37.1040304253049,0.909668862819672,271.0,,6936.32,28564.61,42677.56,2940.49
Mauritania,2.141,1455408.0,0.0,1206.7,3126.18,,61.2,9.3,84.4795447566292,-0.822652637958527,-0.763598620891571,-0.503423988819122,-0.997108280658722,-0.639136493206024,-0.656128466129303,0.0,,90.0,,,32.16,,,4.38,,42.3455317586189,,,4.95305034506872,10.446,23.483,49.0,22.1,44.3616,34.6445085168746,0.0709917321801186,6.0,1.0,8.52,19353.24,16923.79,2833.36
Montserrat,1.131,,,,,,,,,,,,,,,,,,,,,,,,,,,,,,,,,,,,,,,,,
Martinique,1.092,,,,,,,,,0.61644971370697,0.654167771339417,0.512399971485138,0.931279718875885,0.683675646781921,,,,,,,,,,,,,,,,,,,,,,,,,,,,
Mauritius,1.462,102639.0,0.0,42.33,756.44,,31.2,5.9,2172.4126494274,0.453197360038757,0.710137605667114,0.775418817996979,1.06447863578796,0.805268526077271,0.615706980228424,1.0,,591.0,,91.32539,5.38,,614.45224,4.51,82.897,58.2482275375778,,,7.05298238454743,5.571,16.958,100.0,8.6,75.5,2466.21640374897,0.0084219118580222,0.0,,231.33,34796.7,35509.78,1259.03
Malawi,1.361,12251039.0,506710000.0,2406.64,3661.79,17.7570796234108,81.7,19.9,805.097634798734,-0.602811515331268,-0.859506547451019,-0.235615640878677,-0.772310614585876,-0.155495509505272,0.0756149441003799,1.0,,40.0,,,18.02,21.77,219.02354,3.83,,,,,28.7897428247298,5.033,6.766,14.0,71.1,27.6609,27.6718471460233,0.0231055840849876,0.0,,5969.88,20073.55,26441.27,2865.65
Malaysia,1.836,374160.0,1650006000.0,73.35,1117.77,93.941920809996,16.7,2.5,16918.3025960348,0.295621365308762,0.875369668006897,0.16851469874382,0.660894274711609,0.571915447711945,0.0876194089651108,0.0,19.9,458.0,,94.85441,6.88,,14919.49014,5.94,69.762,,40.7,30.9,2.48886560125754,3.869,12.28,100.0,7.5,97.3986,8082.51982602892,0.0275261253118515,0.0,,152.06,33604.46,7442.56,1720.36
Mayotte,1.383,230000.0,0.0,,,,,,,,,,,,,,,,,,,,,,,,,,,,,,,,,,,,,,,
Namibia,1.821,1658591.0,0.0,1994.81,2022.89,,56.8,22.2,2191.74338954538,0.110072031617165,0.0308966562151909,0.54477721452713,-0.0622607916593552,0.445467591285706,0.583879411220551,1.0,,406.0,,91.52727,20.81,,,4.33,,,,,5.87993463284275,19.365,37.602,56.2,30.0,62.215,389.457644793704,0.0115809012204409,0.0,,8387.99,25434.69,30018.52,1696.63
New Caledonia,2.421,0.0,0.0,,,96.8652854148107,,5.6,,,,,,,,,,,,,,,,,,,,,,10.939,31.88,100.0,8.3,,7648.25611481009,,,,,,,
Niger,1.425,10273941.0,11773000.0,5397.84,5996.53,,50.3,13.3,142.844665812864,-0.563843965530396,-0.640915930271149,-1.66885960102081,-0.816925287246704,-0.70808869600296,-0.695484280586243,1.0,53.6,27.0,0.0,35.05,72.85,,288.26904,6.01,,,32.9,27.8,3.70097316425842,0.425,0.416,19.5,79.6,16.937,4.74008526113684,0.934188604354858,534.0,1.0,146.53,23160.16,43868.59,3034.87
Norfolk Island,1.225,,,,,,,,,,,,,,,,,,,,,,,,,,,,,,,,,,,,,,,,,
Nigeria,1.559,24002021.0,4490620000.0,4924.31,5388.61,28.9848848748333,73.9,18.0,1011.30610018101,-1.04097437858582,-0.847906708717346,-1.7684383392334,-0.936865150928497,-0.887689292430878,-0.548258185386658,0.0,,91.0,,62.01601,,,,7.15,46.406,42.0270419553042,,,24.6595502031139,3.074,5.128,60.5,80.3,35.4563,47.5989986876815,0.994101703166962,3898.0,1.0,968.72,22195.16,47142.91,3038.51
Nicaragua,1.526,978000.0,1269361000.0,178.13,994.82,,,19.6,23508.8169727007,-1.38844013214111,-1.08494555950165,-0.125550046563148,-0.878058850765228,-1.27818691730499,-1.38733541965485,0.0,,208.0,,,17.25,50.05,600.7474,6.06,41.678,27.7485764048934,,,8.38765854872536,4.716,9.315,86.5,50.4,61.0524,103.464249804319,0.0328389257192612,0.0,,116.47,26289.66,35694.98,956.97
Niue,,,,,,,,,,-0.181205108761787,1.1558963060379,,0.110037498176098,-0.530868053436279,,,,2.288,,,,,,,,,,,,,,,,,,,,,,,,
Netherlands,2.601,0.0,591818000.0,7.41,459.77,99.9678911890245,5.5,2.5,627.386778930116,1.86710047721863,1.62553191184998,0.658281981945038,1.79096639156342,1.64250445365906,1.55626440048218,1.0,8.8,5.796,0.0,,0.0,94.12,43153.595,4.69,45.024,,25.7,21.4,3.83839354342808,3.537,8.268,100.0,12.2,92.5197,194962.867894191,0.0099179055541753,0.0,641.0,114.29,11128.22,232.53,381.98
Norway,2.412,1000.0,153051000.0,9.05,126.68,98.8231103374865,6.8,2.5,70631.9152712857,2.11352157592773,1.79993534088135,0.892857432365417,1.59752345085144,1.83398151397705,1.77725434303284,1.0,,8.693,0.0,,5.74,99.42,31520.86629,3.81,44.004,,,,5.51784987104659,3.572,10.927,100.0,61.4,99.0,37715.0928129859,0.0029659993015229,0.0,190.0,76.04,11161.72,195.55,386.88
Nepal,1.169,3118915.0,217731000.0,529.82,4098.83,16.1166371410422,37.0,5.7,6724.34038190318,-0.50792795419693,-0.807803750038147,-0.226184993982315,-0.661413729190826,-0.462669461965561,-0.0231158602982759,1.0,,88.0,,67.90843,36.15,65.57288,1169.11791,6.16,,109.272984641301,,,7.11475951738199,10.628,20.649,91.3,73.7,49.5609,642.608117418196,0.0310167651623487,0.0,5.0,90.45,31668.66,19431.19,2513.94
Nauru,,,,442.79,705.96,,,,854.04389785635,0.58861643075943,-0.0678080692887306,0.976578056812286,0.0095858573913574,-0.0184109006077051,0.640493810176849,,,2.264,,,,,,1.76,20.105,,,,,,,100.0,1.6,82.6668,421.052631578947,0.0,0.0,,120.47,39119.14,10401.04,1953.0
New Zealand,1.319,21254.0,5140987000.0,6.98,194.53,100.0,16.4,2.5,63975.8965429538,2.08409547805786,1.5299768447876,1.35856962203979,1.91022837162018,1.70570802688599,1.68778347969055,1.0,,4.804,0.0,,0.9,,11827.36186,3.25,,,,,5.73316283034957,3.729,10.7,100.0,28.9,95.7299,18909.6513564741,0.0037677036598324,0.0,,65.1,15158.35,304.62,472.86
Oman,1.421,1580.0,89959000.0,29.39,943.28,90.851749132955,,5.7,311.081800292595,0.215157955884933,0.274613231420517,0.586623668670654,0.434537470340729,0.612812101840973,-1.00440359115601,0.0,,707.0,,95.65153,,,,4.14,,,,,0.950782997762827,3.176,14.067,100.0,0.1,97.849,279.446391150878,0.0099619850516319,0.0,,40.5,16654.87,7070.33,1232.11
Pakistan,1.389,36318848.0,17394675000.0,962.84,4530.88,50.6017785742925,44.9,20.7,229.666381478089,-0.999357461929321,-0.577790379524231,-1.93273079395294,-0.901008188724518,-0.859885513782501,-0.959140300750732,0.0,,39.0,0.0,,45.38,,8079.64893,6.28,,17.433199901475,,,30.7681280657005,5.408,9.711,95.0,41.6,32.9486,113.359557368847,0.981471717357636,1144.0,,63.64,21184.81,15562.45,3130.01
Panama,1.481,68614.0,12950000.0,128.14,403.25,,,5.6,31435.5048608818,-0.62809419631958,-0.209720730781555,0.213101848959923,0.118782818317413,-0.3459812104702,0.547549784183502,1.0,25.2,1.472,,95.41181,7.19,77.63,,6.68,52.387,,50.9,39.3,1.48641355277038,6.544,16.765,95.0,28.0,73.6085,2621.1329206176,0.0151263121515512,0.0,,487.67,23038.23,16527.9,961.71
Pitcairn,,,,,,,,,,,,,,,,,,,,,,,,,,,,,,,,,,,,,,,,,,
Peru,1.778,713856.0,1049885000.0,131.83,975.37,51.9852117120259,51.7,7.0,49493.480523305,-0.721040904521942,-0.491872787475586,-0.52178555727005,0.292205184698105,-0.538132667541504,0.060481496155262,1.0,24.8,446.0,,94.40827,5.13,87.34,8295.34637,6.35,31.175,90.5300652756849,40.1,30.5,6.45561348369586,4.899,8.846,96.2,30.6,74.675,749.75734671937,0.357214748859406,12.0,,217.69,17735.66,41842.73,1169.39
Philippines,1.603,66900821.0,3238908000.0,312.35,2513.28,47.9019041200159,44.1,5.9,4235.15452345891,-0.537639975547791,0.154091909527779,-0.566050469875336,0.16425496339798,-0.41814711689949,-0.0168379731476307,0.0,26.3,183.0,0.0,,2.72,,,6.84,56.473,102.165297064343,40.7,32.5,5.97802515541409,2.222,6.991,94.8,28.0,75.2111,305.497725722229,0.904697954654694,269.0,50.0,293.72,43147.22,9020.15,1401.23
Palau,1.672,7288.0,0.0,379.43,874.22,90.4408486187601,,,,0.58861643075943,0.442303985357285,1.0807785987854,0.401355355978012,0.935467779636383,1.08513557910919,,,1.979,,,,,,2.94,,,,,12.7989928661351,,,100.0,0.9,,1353.86698256896,0.0,0.0,,140.11,38369.5,6336.74,1477.67
Papua New Guinea,1.221,82484.0,0.0,2363.2,5243.92,,57.3,27.7,79996.836080191,-0.657154023647308,-0.802389979362488,-0.478844821453094,-0.642708241939545,-0.539805591106415,0.0050111226737499,0.0,,81.0,0.0,,37.93,,446.87657,5.44,,16.4386760835745,,,2.29869991296791,2.661,3.798,19.0,54.5,26.991,86.3360454914922,0.157759293913841,1.0,,529.18,42431.98,34689.21,2337.99
Poland,2.677,60890.0,0.0,26.99,1496.22,88.9144993074404,5.4,2.5,1449.37102300095,0.565399944782257,0.421437799930573,0.559584558010101,0.780193567276001,0.458741247653961,0.626450896263123,1.0,10.6,1.193,0.0,,0.27,97.61,24000.69906,4.01,49.594,,28.5,22.8,11.5289127961105,2.743,11.152,100.0,15.2,86.9411,37340.960521191,0.0099416114389896,0.0,,39.52,21329.62,923.07,860.05
Puerto Rico,1.349,4320.0,3809460000.0,,,99.8731075904989,,,2176.11647801371,0.0196014605462551,-0.389062345027924,0.510210990905762,0.637854039669037,0.4935282766819,0.453455924987793,,,,,,,,,,,,,,,5.725,13.041,100.0,2.6,87.2918,464.486439897046,,,,,,,
"Korea, Democratic People's Republic of",1.864,94200.0,0.0,25.33,5873.43,66.531399868941,,,2554.08036448175,-1.58447635173798,-1.48409974575043,-0.366169571876526,-2.38633036613464,-1.64286839962006,-1.97920870780945,0.0,,,,,,,,4.78,,,,,,2.831,6.647,54.7,14.7,,3.93667941999388,0.0256401114165783,0.0,,85.65,39717.57,6941.65,1300.2
Portugal,2.318,42729.0,0.0,18.13,315.35,95.1567339921988,12.3,2.5,3667.30551772172,0.696312069892883,0.987550020217896,0.712578117847443,0.755356550216675,1.06766510009766,1.21128296852112,1.0,12.8,2.581,,96.13759,10.33,93.93,11102.44058,4.55,99.081,,34.6,27.5,4.31128191898672,6.509,20.3,100.0,32.3,84.4969,28927.204260395,0.007176224142313,0.0,,418.68,11887.4,1222.78,449.95
Paraguay,1.493,158783.0,0.0,91.05,767.25,64.2206042704366,26.2,4.5,17504.0117100342,-1.05772292613983,-0.462065368890762,0.0820416286587715,-0.0789393484592438,-0.582174599170685,0.042024303227663,1.0,24.0,480.0,,94.0208,3.49,76.77,,6.7,,43.0789254751342,42.9,33.1,4.63202285403356,5.794,13.185,100.0,58.8,76.2592,643.177395689689,0.0228289980441332,0.0,38.0,125.64,26430.2,13908.29,1149.01
"Palestine, State of",2.007,33500.0,0.0,,,80.3301824695162,,,164.948487115634,-0.676133513450623,-1.20955741405487,-1.86521852016449,-0.279209315776825,-0.682804763317108,-1.11806666851044,0.0,,351.0,3.0,97.21861,,85.94047,761.48922,,,,,,5.87110177678988,,,100.0,15.4,88.6469,434.591131050036,0.989403009414673,22092.0,,,,,
French Polynesia,1.127,,,,,81.8132594702229,,5.4,,,,,,,,,,,,,,,,,,,,,,11.749,36.637,100.0,7.4,,2312.19630190881,,,,,,,
Qatar,2.165,,,6.19,581.39,96.654816058767,,,22.3560926340667,0.702209830284119,1.19741261005402,0.993381142616272,0.977040886878967,0.932885050773621,-0.970600128173828,0.0,,1.782,,,3.59,,4780.54998,5.21,,,,,3.02764899198902,0.13,0.574,100.0,0.0,100.0,449.542776593053,0.0100306589156389,0.0,,4.98,15922.79,5157.31,904.41
Réunion,,25700.0,0.0,,,,,,,0.61644971370697,0.654167771339417,0.0492217652499676,0.931279718875885,0.683675646781921,,,,,,,,,,,,,,,,,,,,,,,,,,,,
Romania,2.266,16261.0,100072000.0,46.63,1772.22,82.0723248379512,19.1,2.5,2216.2885283431,0.0404953435063362,-0.0926659479737282,0.373643964529037,0.318900614976883,0.437425792217255,0.503180325031281,1.0,20.1,902.0,0.0,98.8445,1.7,96.0,6552.78995,4.59,48.854,,33.9,24.0,10.3971874764996,5.589,21.693,100.0,23.6,85.5031,26836.8301148211,0.0138988774269819,0.0,18.0,78.41,21510.93,935.17,939.46
Russian Federation,3.691,99406.0,274897000.0,13.11,1215.92,76.2331071384836,4.6,2.5,29789.958272089,-1.10467827320099,-0.712461888790131,-1.13433384895325,-1.12207186222076,-1.18764269351959,-1.2855396270752,0.0,15.9,1.078,0.0,99.73006,0.89,,73828.502,6.24,19.546,,35.1,26.6,,3.076,11.162,100.0,3.5,90.418,23603.5969263721,0.946054458618164,204.0,,759.15,24090.25,1523.28,912.06
Rwanda,,92710.0,0.0,1492.27,3020.67,,,31.4,711.330217457391,0.671653091907501,0.388362646102905,0.108091473579407,0.124717451632023,0.205150455236435,-0.902328312397003,0.0,,77.0,,73.21559,45.18,,271.70479,3.68,,20.0400172198121,,,19.789546746467,12.352,18.172,50.6,79.4,34.4405,129.134239484965,0.0534842312335968,0.0,,1905.98,25645.53,34651.11,1642.81
Saudi Arabia,2.203,600.0,0.0,27.76,1830.9,,,3.0,77.9616080010439,0.536042988300323,0.796441078186035,-0.213224530220032,0.517070889472961,0.414570838212967,-1.41669249534607,0.0,,1.593,,,12.72,,,6.01,,,,,2.32708518362692,4.008,13.82,100.0,0.1,100.0,431.153021384011,0.344576746225357,9.0,,35.79,19415.52,6991.71,1051.98
Sudan,1.502,13699300.0,304740000.0,392.75,2723.36,,,11.4,83.2173076022089,-1.50206708908081,-1.97706210613251,-2.46693897247314,-1.6031391620636,-1.6741771697998,-1.60484826564789,0.0,,32.0,,60.69718,53.74,51.18034,,6.46,,,,,,,,63.2,61.0,28.7045,2.13817011125539,0.990449666976929,7751.0,,254.86,20795.22,16881.85,1975.57
Senegal,1.782,92438.0,21192000.0,1206.15,3703.96,26.6925904153209,29.4,4.6,1498.18240858605,0.0578322261571884,0.0696751922369003,-0.138591378927231,-0.345079481601715,-0.273632854223251,0.133976578712463,1.0,31.5,64.0,,,58.58,22.51,971.08498,4.81,,,36.2,28.8,5.93947798773215,2.8,3.887,67.9,35.4,59.9832,46.1898286899464,0.0246347263455391,0.0,3.0,351.52,23324.51,38006.41,3512.66
Singapore,2.038,,,9.54,483.89,100.0,7.7,,110.019755880831,2.04018402099609,2.31747198104858,1.42420423030853,2.30859136581421,1.75317537784576,-0.0654119327664375,0.0,,4.321,,97.34486,15.27,,,3.13,,,,,4.82146729476466,3.444,8.461,100.0,1.1,95.9539,228648.442759691,0.0033577689900994,0.0,,65.27,19431.12,869.56,640.75
South Georgia and the South Sandwich Islands,,,,,,,,,,,,,,,,,,,,,,,,,,,,,,,,,,,,,,,,,,
"Saint Helena, Ascension and Tristan da Cunha",1.902,,,,,,,,,,,,,,,,,,,,,,,,,,,,,,,,,,,,,,,,,
Svalbard and Jan Mayen,,,,,,,,,,,,,,,,,,,,,,,,,,,,,,,,,,,,,,,,,,
Solomon Islands,1.185,172319.0,0.0,790.08,5069.1,,,19.4,58615.9553417232,-0.134710744023323,-0.733603537082672,0.445870101451874,-0.780060708522797,-0.262915134429932,0.340079069137573,1.0,,97.0,,,,,,4.15,,154.8146346359,,,5.88585897042164,1.455,2.953,76.0,49.1,44.9575,78.7495078155762,0.0063729700632393,0.0,,118.67,41219.8,31214.5,2076.72
Sierra Leone,1.728,36499.0,0.0,2695.84,5299.71,10.262418642337,88.6,28.4,19766.2590452254,-0.574557840824127,-1.1555837392807,-0.238688722252846,-1.06417989730835,-0.832963287830353,-0.296392291784286,0.0,,39.0,,43.20633,57.0,,173.35823,5.4,,37.3616390048713,,,47.6428733253179,3.153,3.486,29.4,71.1,30.3518,13.356165678862,0.0127386143431067,0.0,0.0,828.26,22338.68,44856.87,2602.99
El Salvador,1.484,169588.0,276709000.0,157.66,974.71,,46.9,6.8,2498.48859822801,-0.561315059661865,0.0504390224814415,0.0023323998320847,-0.307905405759811,-0.369357317686081,-0.474436670541763,0.0,24.7,501.0,,89.0086,3.72,72.5,930.5333,5.94,84.681,16.8422672427423,39.0,29.0,4.04554694222477,2.992,6.956,100.0,21.9,62.8885,181.785792624093,0.0814981237053871,0.0,48.0,195.77,25251.41,16945.48,822.16
San Marino,2.115,,,2.28,253.39,100.0,,,,1.25135612487793,1.20168173313141,1.18497908115387,0.931279718875885,1.47689890861511,1.24682343006134,,,3.875,,99.91643,,,51.51441,3.01,,,,,,,,100.0,,85.0607,32339.0431187242,,,,54.26,12100.13,303.07,395.24
Somalia,1.724,16767417.0,1116615000.0,6094.74,6289.14,,79.7,51.3,347.394492095067,-1.73283362388611,-1.98020255565643,-2.37760090827942,-1.87981820106506,-2.21200466156006,-1.66268134117126,0.0,,15.0,,,,,,5.79,,,,,,18.941,33.849,48.9,95.4,27.6,10.0770128901336,0.987288534641266,4196.0,,177.66,24843.96,59812.06,3509.9
Saint Pierre and Miquelon,2.32,,,,,,,,,,,,,,,,,,,,,,,,,,,,,,,,,,,,,,,,,
Serbia,2.317,17784.0,32965000.0,10.76,2943.86,75.0752476006734,13.0,2.5,1230.11398636822,-0.447204262018204,0.0076343188993632,-0.0391097068786621,0.137915700674057,-0.0745044872164726,-0.0550001598894596,0.0,16.3,903.0,,,2.96,98.29648,1639.11192,6.21,48.912,45.223346216269,33.1,25.9,12.3719043552519,8.268,23.929,100.0,27.2,83.5383,12647.8462092924,0.0143994940444827,0.0,,5.43,20910.39,908.39,899.81
South Sudan,1.325,12000670.0,0.0,9086.12,7452.01,,87.3,19.6,2392.83328026152,-1.96955537796021,-2.32788825035095,-2.18610787391663,-2.11724495887756,-2.13823580741882,-1.68417978286743,0.0,,49.0,,34.52276,,,,6.34,,,,,2.38280434813759,12.477,18.48,8.4,32.4,12.1407,3.83162648886991,0.924606323242188,187.0,,1236.08,25616.77,50669.46,2821.87
Sao Tome and Principe,1.624,219668.0,0.0,614.37,1897.97,36.3006918200211,54.6,16.4,9821.54522641365,0.360224694013596,-0.90243524312973,0.44070503115654,-0.940236151218414,-0.694839358329773,0.252305746078491,1.0,,180.0,,92.81664,,33.83506,19.06766,1.78,,22.6404778420747,,,21.2589138473,9.071,8.526,78.0,40.8,56.9899,38.9828085814156,0.0,0.0,45.0,11.04,19657.65,22022.14,2420.66
Suriname,1.79,19100.0,21864000.0,279.84,1873.09,55.7961520243991,35.8,10.1,160221.137537709,-0.404351592063904,-0.967238128185272,0.412738472223282,-0.728055536746979,-0.0622574500739574,0.353224784135818,1.0,,344.0,,94.38327,,,,4.9,,23.9708210484945,,,51.5873159600861,7.631,24.992,99.0,14.5,75.7614,1388.1689209173,0.0078515410423278,0.0,,732.93,28856.31,18175.88,1681.44
Slovakia,2.549,250.0,0.0,11.31,1358.33,99.1847298839003,9.0,3.6,2313.09503681401,0.292565286159515,0.229512304067612,0.573219299316406,0.601919114589691,0.603365182876587,0.912476003170013,1.0,11.5,1.642,,,0.3,99.82,3761.15536,4.69,56.045,,24.1,19.1,10.5319476645211,5.84,19.748,100.0,17.9,89.0677,39911.9913612961,0.006728898268193,0.0,,4.15,20198.43,878.02,866.7
Slovenia,2.435,1504620.0,0.0,9.48,626.22,98.2743209096652,7.9,2.5,8856.4043377881,0.776647090911865,1.03929400444031,0.818632841110229,0.731421768665314,1.03880786895752,1.07909941673279,1.0,6.7,2.738,0.0,,0.66,100.0,2322.81975,4.29,69.219,,24.3,20.6,7.44687717385838,3.652,9.981,100.0,23.4,88.9125,63978.5405154822,0.0043594073504209,0.0,,13.28,16013.69,527.84,694.69
Sweden,2.943,13500.0,78714000.0,9.07,124.17,99.7388798657575,6.0,2.5,16417.3485866823,2.0282461643219,1.60138332843781,0.758365273475647,1.71801710128784,1.60402345657349,1.57483160495758,1.0,12.1,5.943,0.0,,2.15,99.69,40948.76347,4.56,36.371,,29.8,22.7,8.54862489748902,7.611,21.95,100.0,57.9,95.0097,52996.3464606147,0.0045874686911702,0.0,,49.47,19251.55,241.47,389.08
Eswatini,1.623,1058.0,0.0,2475.58,2626.99,,55.9,12.4,2187.97887937358,-0.73498547077179,-0.884958326816559,-0.357591271400452,-0.717471897602081,-0.597746074199677,-1.16463816165924,0.0,,284.0,,88.41938,32.94,50.53206,,3.63,,48.5463795102896,,,,35.086,58.16,82.3,65.4,58.2502,139.779895425134,0.117855593562126,3.0,,17901.95,27169.9,17640.9,1689.04
Sint Maarten (Dutch part),,,,,,,,,,,,,,,,,,,,,,,,,,,,,,,,100.0,0.0,,1216.40272287071,,,,,,,
Seychelles,1.434,,,110.74,479.46,,14.3,2.5,,1.62884771823883,0.624744176864624,0.763500511646271,0.211075112223625,0.432935118675232,0.556410670280457,1.0,,695.0,,95.86771,,,,3.68,,,,,-1.03530088431952,,,100.0,1.7,86.6654,52607.8498492983,0.0,0.0,,49.36,36355.37,6573.0,1262.23
Syrian Arab Republic,2.389,14973186.0,8900000000.0,32.75,2156.45,,,34.0,329.744929905854,-1.7502247095108,-1.78816211223602,-2.75060677528381,-1.81011295318604,-2.03518009185791,-1.85418260097504,0.0,,34.0,,,16.19,,,6.84,,,,,,13.187,31.707,89.0,1.1,,93.2839655882614,0.988802313804627,2190.0,,3.56,17314.43,12491.95,1480.95
Turks and Caicos Islands,1.547,,,,,47.0850771759839,,,,,,,,,,,,,,,,,,,,,,,,,,99.9,0.8,,735.962595783367,,,,,,,
Chad,1.527,5464776.0,0.0,12605.11,7993.19,6.24704860480126,76.6,35.1,841.360237191791,-1.48240697383881,-1.4791487455368,-1.55946290493011,-1.15642070770264,-1.35423922538757,-1.43493866920471,0.0,,40.0,,,,13.89845,245.4919,5.86,,5.90124185626465,,,10.8363568399842,1.074,1.418,11.7,69.9,12.1839,1.24229621062387,0.907592535018921,112.0,0.0,716.76,24187.67,46493.11,3512.84
Togo,1.554,88296.0,0.0,2598.21,4184.43,19.4177904317129,57.0,12.8,1295.2814922634,-0.619174957275391,-0.578052043914795,-0.954195141792297,-0.493230193853378,-0.527499735355377,-0.782707870006561,0.0,40.5,54.0,,,39.63,23.87192,240.5038,5.33,,,37.9,29.6,,1.948,3.402,57.2,75.1,37.6212,91.4627232440098,0.650223314762116,76.0,0.0,1334.11,23460.49,36321.82,3356.49
Thailand,1.857,4588283.0,748745000.0,216.44,1754.29,,7.2,5.6,3130.04811053059,-0.489050775766373,0.171705812215805,-0.280302882194519,0.158257782459259,0.244872748851776,-0.450371354818344,0.0,17.1,386.0,,93.76776,3.44,,,5.76,54.731,125.091815262929,34.9,27.1,1.22802623546169,0.733,4.547,99.9,19.0,87.9772,3002.53401436088,0.734107255935669,31.0,52.0,694.03,32213.9,7066.58,1013.45
Tajikistan,2.074,30042.0,10120000.0,1197.05,2987.7,55.2921007475287,28.0,8.7,6367.06990773869,-1.37873339653015,-0.772318005561829,-0.47282150387764,-1.17822289466858,-1.27723121643066,-1.63467013835907,0.0,,79.0,,,0.27,,,5.61,30.933,37.9141586656127,,,,11.546,26.836,100.0,34.9,36.0872,123.775253015001,0.114988289773464,0.0,,57.06,28558.19,8509.65,2022.39
Tokelau,,,,,,,,,,,,,,,,,,,,,,,,,,,,,,,,,,,,,,,,,,
Turkmenistan,2.528,,,80.07,1955.28,94.8805426953047,,4.1,198.109345924722,-1.42362427711487,-1.2064995765686,-0.111424535512924,-2.06809759140015,-1.48657822608948,-1.88326275348663,0.0,,579.0,,,,,,4.61,4.666,,,,,4.099,9.148,100.0,0.1,,138.775015826055,0.0351533256471157,0.0,,58.13,26918.26,5954.26,1640.77
Timor-Leste,1.996,154147.0,23546000.0,726.11,3506.44,,53.7,15.9,6084.55870099301,-0.22670416533947,-0.841954410076141,0.260184526443481,-0.487927585840225,-0.834021985530853,0.433426916599274,1.0,,175.0,,68.06683,,,113.6506,3.96,,335.510923178655,,,8.42035103310379,1.521,3.225,99.7,12.1,40.7521,240.557225891181,0.0052392175421118,0.0,,199.54,38511.14,18369.48,1696.44
Tonga,1.599,109176.0,253539000.0,187.9,1948.62,29.5287016952487,14.8,,,-0.308315753936768,-0.115239478647709,1.08757400512695,-0.393207430839539,0.548529505729675,0.870985329151154,,15.1,378.0,,99.41437,0.73,,,3.78,,161.792752509789,27.1,22.0,6.35112980255189,2.262,6.495,100.0,1.8,,879.566335554557,0.0,0.0,,145.53,34675.08,10153.2,1758.06
Trinidad and Tobago,1.395,100000.0,0.0,63.45,1828.16,,43.3,12.6,2807.92478271488,-0.374148547649384,-0.0436432547867298,0.401362389326096,-0.130735039710999,-0.283585637807846,0.620708882808685,1.0,,1.292,,,1.1,,,4.94,,,,,4.62930242419968,4.21,10.335,100.0,0.5,79.9843,428.516062039766,0.006119614932686,0.0,,703.49,24874.41,6386.86,1320.87
Tunisia,2.555,45000.0,0.0,35.23,1365.23,74.3034603115934,26.7,3.2,348.172596003095,-0.341899782419205,-0.300515085458755,-0.630951106548309,-0.6191326379776,-0.138983190059662,-0.21289698779583,0.0,17.7,266.0,,,20.87,,,3.79,,20.5605276137182,33.7,27.0,9.32899597507865,15.106,38.484,100.0,11.6,73.8379,818.331745821111,0.0748123154044151,3.0,,21.25,20101.66,7587.46,1110.34
Türkiye,,16651098.0,35955514000.0,39.1,1361.77,,,2.5,2697.6498526073,-0.50248908996582,-0.247911587357521,-1.01108038425446,-0.229510217905045,-0.511972904205322,-0.860576987266541,0.0,22.1,386.0,,,9.18,92.33849,,6.89,29.264,25.1013649433992,44.4,34.7,53.8594087593315,9.388,17.306,100.0,12.0,83.4372,9881.98609883873,0.900965690612793,99.0,,6.41,22768.35,6053.73,1104.77
Tuvalu,1.195,15704.0,0.0,410.8,1264.21,8.70710061176711,,,,0.646379947662354,-0.449751287698746,1.18908190727234,-0.190622672438622,1.01082408428192,1.22353219985962,,,1.085,,,,,,1.54,,,,,,,,100.0,5.0,81.1913,509.372453137734,0.0,0.0,,129.81,40394.61,10207.16,1911.04
"Taiwan, Province of China",1.898,991.0,62474000.0,,,,,,,1.20336866378784,1.47769176959991,0.763789355754852,1.45169568061829,1.26053261756897,1.09658741950989,1.0,,,,,,,,,29.108,,,,,,,,,,,,,,,,,
"Tanzania, United Republic of",1.45,5351018.0,0.0,2007.05,3638.5,11.3356525332316,58.2,23.8,1336.9321850062,-0.319897323846817,-0.455080926418304,-0.0527516007423401,-0.588394701480865,-0.373498290777206,-0.533726751804352,0.0,,36.0,,,17.69,,2205.24132,6.15,46.872,,,,3.79923291384916,2.582,3.325,45.8,78.3,31.8913,52.5836968683624,0.0714045092463493,0.0,,4043.04,18931.8,32838.7,2756.97
Uganda,1.735,945520.0,0.0,1564.53,3389.71,18.6814232075292,71.2,36.9,849.470921194583,-1.04257476329803,-0.549508571624756,-0.69550609588623,-0.517365336418152,-0.474925845861435,-0.695845246315002,0.0,,44.0,,76.5275,12.18,,658.15531,6.14,,,,,5.35094804280395,2.787,4.228,47.1,91.0,,51.6271163289848,0.817481279373169,74.0,,3588.17,38539.5,37512.44,1976.66
Ukraine,3.026,61500.0,563031000.0,13.81,2535.39,87.6207250140124,31.0,5.8,1243.83051037233,-0.686146318912506,-0.357320100069046,-1.42982339859009,-0.266427397727966,-0.888317406177521,-0.100543133914471,1.0,,,,,1.25,,6072.02894,6.18,82.329,22.6186688767971,,,12.8490222828559,,,100.0,8.9,,9888.25753781136,0.996685922145844,81059.0,,742.64,26395.06,2593.16,914.31
United States Minor Outlying Islands,,,,,,,,,,,,,,,,,,,,,,,,,,,,,,,,,,,,,,,,,,
Uruguay,1.546,926170.0,0.0,27.1,545.96,,15.7,2.5,27144.0326552723,1.57394731044769,0.850249707698822,0.964887142181396,0.675111055374146,0.717662572860718,1.28379380702972,1.0,21.6,1.851,,98.70386,1.34,67.21,2881.43219,2.69,,,40.8,30.8,5.86910359896119,8.355,26.185,100.0,57.8,89.873,4353.20170916811,0.0054542906582355,0.0,127.0,339.51,20786.97,1161.53,615.28
United States,2.224,160858.0,472103389000.0,6.8,274.78,97.468388745246,9.1,2.5,8486.69984006607,1.12343263626099,1.21720099449158,0.029424749314785,1.39373278617859,1.3276778459549,0.877519071102142,1.0,16.7,12.434,0.0,,0.35,,,5.5,123.011,,39.7,29.7,4.11633838374488,3.638,7.953,100.0,10.9,97.1299,187747.203659007,0.0488907359540463,0.0,,518.4,18012.43,469.89,436.03
Uzbekistan,2.607,70159.0,0.0,70.59,2595.21,79.8452982407754,,2.5,477.168118768488,-0.807529330253601,-0.283767521381378,-0.154609963297844,-0.576817333698273,-0.832810997962952,-1.30965662002563,0.0,,169.0,,99.99289,,,3124.43848,4.96,32.514,87.1178551416433,,,,4.46,10.858,100.0,1.0,83.9,823.873753807853,0.0537866912782192,0.0,,72.36,26089.95,6016.15,2371.82
Holy See (Vatican City State),2.028,,,,,,,,,,,,,,,,,,,,,,,,,,,,,,,,,,,,,,,,,
Saint Vincent and the Grenadines,1.229,28579.0,365458000.0,138.66,1471.09,,33.3,4.8,972.374831049873,0.737308144569397,0.0738346204161644,1.01801919937134,0.317606389522552,0.57221245765686,0.831284880638123,,,435.0,,,,,45.40729,3.3,87.138,61.718298431487,,,4.56457719814894,18.574,42.316,100.0,5.0,77.7418,167.780267066707,0.0,0.0,,271.47,25900.48,6655.43,1522.85
"Venezuela, Bolivarian Republic of",1.35,1619952.0,35319000.0,173.78,1068.84,,,17.6,28507.8603430732,-1.69000518321991,-1.599200963974,-1.18902802467346,-2.02624750137329,-2.15153360366821,-1.5313206911087,0.0,,209.0,,,5.33,79.59,,6.64,146.262,,,,,5.485,10.412,100.0,33.7,,223.456154361985,0.615088403224945,15.0,,358.61,27410.86,23822.9,933.68
"Virgin Islands, British",1.317,,,,,,,,,,,,,,,,,,,,,,,,,,,,,,,100.0,1.3,,1982403.48852123,,,,,,,
"Virgin Islands, U.S.",1.32,,,,,,,,,-0.018456656485796,0.654167771339417,0.534723103046417,1.35054576396942,0.948083341121674,,,,,,,,,,,,,,,,12.32,25.824,100.0,5.9,,305.003002373305,,,,,,,
Viet Nam,1.811,7443315.0,1808486000.0,50.89,2196.68,57.7814114254904,10.8,5.2,3632.88668294441,-0.415814280509949,0.126466900110245,-0.0363807342946529,-0.382607728242874,-0.0854718759655952,-1.24185371398926,0.0,,189.0,,95.00038,15.2,83.43417,,6.28,34.371,78.2047894276578,,,3.25289282667662,1.645,6.345,100.0,24.2,78.59,5256.30770476842,0.0211161766201258,0.0,,246.96,45563.31,14148.37,1264.34
Vanuatu,1.479,807085.0,0.0,609.75,4912.69,,23.3,7.9,32693.8417879608,-0.0148651544004679,-0.568605482578278,0.932254612445831,-0.119526423513889,0.141380533576012,0.627497434616089,1.0,,135.0,,87.50631,,,39.897,2.2,,139.435470768913,,,,5.082,11.677,70.0,24.6,69.8888,1635.4097419236,0.0,0.0,,119.39,41045.48,31557.6,2206.31
Wallis and Futuna,1.379,,,,,,,,,,,,,,,,,,,,,,,,,,,,,,,,,,,,,,,,,
Samoa,1.44,,,109.99,3146.24,62.1917137502586,23.6,5.4,,0.727086067199707,0.492577105760574,1.09818840026855,-0.270534545183182,0.900673031806946,1.01960289478302,,,236.0,,99.09577,,,,2.04,,58.2815144257053,,,,4.977,13.049,98.3,36.0,75.2869,618.472004910852,0.0,0.0,,117.76,35473.22,15081.71,1656.79
Yemen,,1885344.0,23546000.0,471.74,2859.66,,72.5,39.5,56.5424608302103,-1.64893329143524,-2.27542042732239,-2.56293869018555,-1.8430507183075,-1.83897626399994,-1.55021691322327,0.0,,38.0,,,57.49,,,6.13,81.205,22.205757963494,,,,17.091,32.395,76.0,3.7,17.6948,6.95593912679964,0.991316854953766,910.0,,34.39,22014.7,18266.55,2882.38
South Africa,1.811,12286813.0,3910613000.0,1360.48,1806.03,,19.4,8.1,728.424453839783,-0.284670442342758,-0.256946682929993,-0.665642023086548,-0.223697945475578,0.0862350836396217,0.744892179965973,1.0,,570.0,,,5.65,,18116.49326,6.63,,33.9930211685172,,,6.0739085322053,32.098,59.719,86.5,9.7,74.703,14786.991738834,0.440710365772247,5.0,,16048.52,48386.8,17584.37,1642.94
Zambia,1.45,12283962.0,0.0,1903.05,3103.66,,,35.4,4091.08385002821,-0.477706879377365,-0.658970057964325,0.201727285981178,-0.49810004234314,-0.529127418994904,-0.0479462631046772,0.0,,76.0,,86.74796,13.96,,964.79014,4.93,,10.2218573476593,,,10.884531691282,5.905,9.752,47.8,83.0,31.2342,54.9605251697733,0.0222109630703926,0.0,,7017.77,25620.1,33173.61,3178.97
Zimbabwe,1.27,7772900.0,0.0,2402.42,4277.36,26.5164278963248,70.7,38.1,776.086410195218,-1.26121604442596,-1.17033493518829,-0.934447467327118,-1.33835864067078,-1.27714252471924,-1.09263300895691,0.0,,71.0,,,5.08,69.74,1282.51065,5.66,,6.07038486209323,,,,8.759,14.481,50.1,82.4,32.5615,89.3467905102938,0.0452732741832733,0.0,,8304.21,19412.66,23046.04,2397.89
