Country,Corruption Control,Rule of Law,Political Stability,Government Effectiveness,Regulatory Quality,Voice and Accountability,"Democracy, not Autocracy"
Aruba,0.709075331687927,0.795440852642059,1.43252456188202,0.946606338024139,1.27020680904388,1.0191752910614,
Afghanistan,-1.15493178367615,-1.98701369762421,-2.48408055305481,-1.26642525196075,-1.64964091777802,-1.85290133953094,0.0
Angola,-0.60992020368576,-1.00890958309174,-0.34150505065918,-0.761388182640076,-1.09906601905823,-0.737252414226532,0.0
Anguilla,1.25135612487793,1.20168173313141,1.11422121524811,0.931279718875885,0.683675646781921,,
Åland Islands,,,,,,,
Albania,-0.332218527793884,0.250855356454849,0.183348968625069,0.171953663229942,-0.164097368717194,0.168997228145599,1.0
Andorra,1.25135612487793,1.4754387140274,1.58346593379974,1.35054576396942,1.47689890861511,0.996939778327942,
United Arab Emirates,1.07366383075714,1.60428190231323,0.677530944347382,1.04239141941071,0.881900131702423,-1.0949410200119,0.0
Argentina,-0.360883951187134,-0.377517342567444,-0.127517908811569,-0.482535392045975,-0.410826534032822,0.533921837806702,1.0
Armenia,0.0583996474742889,-0.184129968285561,-0.829278230667114,0.047635018825531,-0.122017979621887,0.0767075568437576,1.0
American Samoa,1.25135612487793,0.654167771339417,1.11422121524811,0.512013554573059,1.21249115467072,,
Antarctica,,,,,,,
French Southern Territories,,,,,,,
Antigua and Barbuda,0.326792687177658,0.380410820245743,0.923393249511719,0.546036779880524,0.378593176603317,0.741840481758118,
Australia,1.78120493888855,1.58987963199615,0.91705721616745,1.94220554828644,1.52318394184113,1.50660192966461,1.0
Austria,1.1336532831192,1.32668149471283,0.727989196777344,1.36136972904205,1.74656546115875,1.41124832630157,1.0
Azerbaijan,-1.19547140598297,-0.0326422192156315,-0.730753898620605,-0.108809567987919,-0.566586077213287,-1.41153395175934,0.0
Burundi,-1.55602598190308,-1.20011341571808,-1.17240297794342,-0.985730171203613,-1.25105631351471,-1.36691832542419,0.0
Belgium,1.3368444442749,1.03702199459076,0.403853088617325,1.16822481155396,1.29537487030029,1.32572901248932,1.0
Benin,-0.0495794489979744,-0.218984127044678,-0.346559435129166,-0.295836299657822,-0.505709648132324,-0.218986943364143,0.0
"Bonaire, Sint Eustatius and Saba",,,,,,,
Burkina Faso,-0.169615507125854,-0.826227486133575,-2.035231590271,-0.485633552074432,-0.741778969764709,-0.809887170791626,0.0
Bangladesh,-1.12086641788483,-0.697334110736847,-0.908656716346741,-0.914152979850769,-0.502657234668732,-0.753886342048645,0.0
Bulgaria,-0.137721657752991,0.047112051397562,0.341861486434937,0.40789669752121,-0.0068576806224882,0.388988107442856,1.0
Bahrain,0.177784815430641,0.697198748588562,-0.373967587947845,1.07798528671265,0.468770444393158,-1.37783300876617,0.0
Bahamas,1.26691007614136,0.270353257656097,1.00856232643127,0.0071837524883449,0.179566532373428,0.860349118709564,
Bosnia and Herzegovina,-0.581560015678406,-0.967812538146973,-0.353373318910599,-0.141291111707687,-0.351819545030594,-0.319465935230255,1.0
Saint Barthélemy,,,,,,,
Belarus,-0.665028035640717,-0.991465747356415,-0.729365646839142,-1.41953349113464,-1.25094270706177,-1.66739654541016,0.0
Belize,-0.226113811135292,-0.376311779022217,0.58532577753067,-0.430582851171494,-0.635611891746521,0.539004623889923,
Bermuda,1.25135612487793,1.20168173313141,1.0204062461853,0.931279718875885,0.683675646781921,,
"Bolivia, Plurinational State of",-0.838301062583923,-0.639481067657471,-0.313183635473251,-1.17711877822876,-1.21933794021606,-0.265191316604614,0.0
Brazil,-0.503643155097961,-0.546764314174652,-0.408567786216736,-0.29647821187973,-0.308802843093872,0.382853865623474,1.0
Barbados,1.34458589553833,0.380443245172501,1.18712854385376,0.503107726573944,0.414195388555527,1.16219222545624,1.0
Brunei Darussalam,1.27803611755371,1.4017870426178,1.36600065231323,0.97689163684845,0.886853814125061,-0.715453028678894,
Bhutan,1.53142273426056,0.566305339336395,0.982800424098969,-0.401030838489532,0.667693257331848,0.200142219662666,1.0
Bouvet Island,,,,,,,
Botswana,0.685792088508606,0.430828422307968,1.03843998908997,0.497434794902802,0.390436381101608,0.504056930541992,1.0
Central African Republic,-1.31139302253723,-1.73500919342041,-2.20310711860657,-1.46841526031494,-1.75950109958649,-1.2622481584549,0.0
Canada,1.67150104045868,1.51680326461792,0.822420537471771,1.64471042156219,1.47300565242767,1.4796462059021,1.0
Cocos (Keeling) Islands,,,,,,,
Switzerland,2.02199912071228,2.13492703437805,1.07144391536713,1.72938001155853,1.76172566413879,1.66502690315247,1.0
Chile,0.968603789806366,0.71755576133728,0.13615994155407,0.925731718540192,0.625093758106232,1.01794922351837,1.0
China,-0.0053701046854257,0.679014027118683,-0.513097047805786,-0.356507807970047,-0.0401299707591534,-1.50455415248871,0.0
Côte d'Ivoire,-0.313007414340973,-0.359512031078339,-0.631788194179535,-0.116081379354,-0.461197137832642,-0.375480622053146,0.0
Cameroon,-1.16255974769592,-0.906262576580048,-1.40043640136719,-0.913473010063171,-1.03819787502289,-1.0663970708847,0.0
"Congo, The Democratic Republic of the",-1.48051190376282,-1.68906629085541,-2.04486203193665,-1.40857565402985,-1.67073619365692,-1.21333003044128,0.0
Congo,-1.34527885913849,-1.33428740501404,0.0191620066761971,-1.23940634727478,-1.02058732509613,-1.15416669845581,0.0
Cook Islands,0.0325287207961082,-0.145607948303223,1.19698262214661,-0.0929453670978546,-0.530868053436279,0.880585014820099,
Colombia,-0.309191286563873,-0.075877919793129,-0.717313230037689,0.101034268736839,-0.458272933959961,0.205213740468025,1.0
Comoros,-0.990109264850616,-1.53510224819183,-0.226316764950752,-1.23843240737915,-1.34128475189209,-0.808809578418732,0.0
Cabo Verde,0.984857201576233,0.0136766647920012,0.903245568275452,0.242902502417564,0.400105774402618,0.958101332187653,1.0
Costa Rica,0.653749406337738,0.260196477174759,0.984186828136444,0.543547570705414,0.389316648244858,1.0699063539505,1.0
Cuba,-0.0550908595323563,-0.475527822971344,0.384215950965881,-1.50136196613312,-0.453039199113846,-1.24890899658203,0.0
Curaçao,,,,,,,
Christmas Island,,,,,,,
Cayman Islands,0.437594085931778,1.2372350692749,1.62560141086578,1.06676125526428,0.721784949302673,0.764431416988373,
Cyprus,0.332707405090332,0.73773992061615,0.409627169370651,0.778258264064789,0.628040313720703,0.974570155143738,1.0
Czechia,0.767809867858887,1.1140114068985,0.967361629009247,1.30448853969574,1.14218366146088,1.07654917240143,1.0
Germany,1.66416621208191,1.18541669845581,0.586989283561707,1.45697498321533,1.55120778083801,1.46138572692871,1.0
Djibouti,-0.780927419662476,-0.731475412845612,-0.516700983047485,-0.933053493499756,-1.1251677274704,-1.27434647083282,0.0
Dominica,0.544514536857605,0.260825008153915,1.28526425361633,0.308252662420273,0.62485259771347,0.786084830760956,
Denmark,2.37605309486389,2.01564884185791,0.850847959518433,1.83951985836029,1.90893590450287,1.66469931602478,1.0
Dominican Republic,-0.449474930763245,0.12803441286087,0.239014014601707,0.171186909079552,-0.128592282533646,0.325887054204941,1.0
Algeria,-0.589308321475983,-0.670135140419006,-0.577885270118713,-0.948087155818939,-0.678364396095276,-0.979883790016174,0.0
Ecuador,-0.647337436676025,-0.494244992733002,-0.338139981031418,-0.718200981616974,-0.957790791988373,-0.061911303550005,1.0
Egypt,-0.747790396213531,-0.239516973495483,-0.866764307022095,-0.665456295013428,-0.184178426861763,-1.37938976287842,0.0
Eritrea,-1.47526490688324,-1.79375612735748,-0.792767763137817,-2.36299300193787,-1.76205575466156,-1.86236107349396,0.0
Western Sahara,,,,,,,
Spain,0.629368722438812,0.752065539360046,0.287291556596756,0.693764328956604,0.822885692119598,1.19472968578339,1.0
Estonia,1.53812229633331,1.2634699344635,0.660533905029297,1.42964351177216,1.42638897895813,1.21992552280426,1.0
Ethiopia,-0.465061634778976,-0.768662095069885,-1.96956777572632,-1.0210794210434,-0.670203268527985,-1.06066715717316,0.0
Finland,2.22151660919189,1.73860657215118,0.713986694812775,1.76514935493469,1.96704590320587,1.63263607025146,1.0
Fiji,0.50627201795578,0.490778684616089,0.744343459606171,-0.0902230963110924,0.304903954267502,0.186145916581154,0.0
Falkland Islands (Malvinas),,,,,,,
France,1.18482184410095,1.14462625980377,0.343697965145111,1.15350544452667,1.18057084083557,1.15460133552551,1.0
Faroe Islands,,,,,,,
"Micronesia, Federated States of",0.783704280853271,0.232347309589386,1.0807785987854,-0.580112159252167,0.643969178199768,1.08513557910919,
Gabon,-1.01552844047546,-0.779809296131134,-0.335527300834656,-0.704819560050964,-0.872693359851837,-0.919151186943054,0.0
United Kingdom,1.48091387748718,1.16114270687103,0.514935672283173,1.53656673431396,1.39836597442627,1.26162397861481,1.0
Georgia,0.617694795131683,0.791285872459412,-0.335554122924805,0.946578145027161,0.177279338240623,0.0347131341695786,1.0
Guernsey,,,,,,,
Ghana,-0.0990211144089699,-0.092661589384079,-0.0216207038611174,-0.18065220117569,-0.0996378883719444,0.410351544618607,1.0
Gibraltar,,,,,,,
Guinea,-0.897673428058624,-0.907938599586487,-0.877875149250031,-1.07605743408203,-1.11396610736847,-1.14505314826965,0.0
Guadeloupe,,,,,,,
Gambia,-0.281129717826843,-0.590593457221985,-0.0120199294760823,-0.639587819576263,-0.374314546585083,-0.0410085804760456,1.0
Guinea-Bissau,-1.1783698797226,-1.43258428573608,-0.327665239572525,-1.24987518787384,-1.43643689155579,-0.436878204345703,0.0
Equatorial Guinea,-1.57037270069122,-1.32034909725189,-0.235371336340904,-1.47442591190338,-1.33868646621704,-1.67685103416443,0.0
Greece,0.0978469252586365,0.148003026843071,0.239744067192078,0.578935325145721,0.213158577680588,1.01216721534729,1.0
Grenada,0.558168590068817,-0.0060560517013073,1.01801919937134,0.314693748950958,0.604949295520782,0.753503501415253,
Greenland,1.02827477455139,0.763896942138672,1.49536979198456,1.20690584182739,1.68432629108429,1.27391934394836,
Guatemala,-1.12161290645599,-0.897167265415192,-0.244364932179451,-0.290354937314987,-1.07527709007263,-0.53369927406311,1.0
French Guiana,0.938142716884613,1.28207969665527,0.229917466640472,1.06676125526428,1.12912011146545,1.27391934394836,
Guam,1.25135612487793,0.654167771339417,0.8934046626091,0.512013554573059,0.948083341121674,,
Guyana,-0.383745014667511,-0.294486999511719,-0.05517203733325,-0.563037872314453,-0.342232912778854,0.148810401558876,1.0
Hong Kong,1.62514543533325,1.55483567714691,0.673060536384583,1.60433173179626,1.29364585876465,-0.320146769285202,0.0
Heard Island and McDonald Islands,,,,,,,
Honduras,-1.11195814609528,-0.795222759246826,-0.45921716094017,-0.550886929035187,-1.09500813484192,-0.45370152592659,0.0
Croatia,0.181928679347038,0.712653696537018,0.59771203994751,0.643900275230408,0.36060556769371,0.569745063781738,1.0
Haiti,-1.44387412071228,-2.22533392906189,-1.43452179431915,-1.39060175418854,-1.3636075258255,-1.17997741699219,0.0
Hungary,-0.0004981306265108,0.372758895158768,0.731891810894012,0.318309366703033,0.427084535360336,0.35952889919281,0.0
Indonesia,-0.48687219619751,0.58032637834549,-0.404375314712524,0.301378756761551,-0.153604462742805,0.138982817530632,1.0
Isle of Man,,,,,,,
India,-0.366014748811722,0.47511014342308,-0.635076940059662,-0.136969581246376,0.188364565372467,0.0944044888019562,0.0
British Indian Ocean Territory,,,,,,,
Ireland,1.5752888917923,1.59114551544189,0.901911556720734,1.74936389923096,1.63358354568481,1.48345601558685,1.0
"Iran, Islamic Republic of",-1.23189043998718,-1.02239692211151,-1.6941009759903,-1.68747353553772,-1.06095492839813,-1.45358419418335,0.0
Iraq,-1.32103753089905,-1.38960635662079,-2.41309809684753,-1.43832731246948,-1.69316685199738,-0.958918929100037,0.0
Iceland,1.55130612850189,1.55512094497681,1.21440374851227,1.28444385528564,1.72111761569977,1.44590175151825,1.0
Israel,0.829359412193298,1.1453697681427,-1.46484839916229,1.12179791927338,0.783846437931061,0.64426463842392,1.0
Italy,0.550129175186157,0.611036896705627,0.583320736885071,0.644031763076782,0.390358686447144,1.11553084850311,1.0
Jamaica,-0.112082988023758,0.407290458679199,0.384837329387665,0.0980334356427193,-0.174516573548317,0.56428599357605,1.0
Jersey,1.02827477455139,1.1812584400177,1.74471306800842,0.98214590549469,1.68432629108429,1.27391934394836,
Jordan,0.0886586904525757,0.386213511228561,-0.20273420214653,0.217705458402634,0.257768124341965,-0.774707794189453,0.0
Japan,1.3956606388092,1.63126504421234,0.951136231422424,1.46932590007782,1.53553938865662,1.10550534725189,1.0
Kazakhstan,-0.26659306883812,0.146814674139023,-0.27334600687027,0.0659545287489891,-0.446781367063522,-1.00384140014648,0.0
Kenya,-0.770913004875183,-0.303605198860168,-0.937771916389465,-0.390806585550308,-0.326221644878387,-0.124170683324337,1.0
Kyrgyzstan,-1.22109532356262,-0.890727877616882,-0.48121976852417,-0.616720378398895,-1.1741224527359,-0.723200380802155,0.0
Cambodia,-1.29921674728394,-0.305874288082123,0.0444938205182552,-0.684618413448334,-0.819127440452576,-1.29242181777954,0.0
Kiribati,0.411750495433807,-0.096573106944561,1.09988939762115,-0.278862416744232,0.587936818599701,1.08984088897705,
Saint Kitts and Nevis,0.413433611392975,0.380410820245743,0.923393249511719,0.541928887367249,0.479547560214996,0.774220764636993,
"Korea, Republic of",0.894088566303253,1.40480732917786,0.609834730625153,1.122523188591,1.24850225448608,0.8595951795578,1.0
Kuwait,0.206611827015877,0.0075402706861496,0.408179193735123,0.320921540260315,0.341668486595154,-0.594156503677368,0.0
Lao People's Democratic Republic,-0.973836362361908,-0.6432785987854,0.814461767673492,-0.927797913551331,-0.832905530929565,-1.63225436210632,0.0
Lebanon,-1.22706246376038,-1.58038187026978,-1.51903915405273,-1.01446163654327,-1.16507518291473,-0.654260396957397,0.0
Liberia,-0.888349294662476,-1.35536432266235,-0.1162094399333,-0.923699855804443,-1.03163075447083,0.0538939349353313,1.0
Libya,-1.52501881122589,-1.63588905334473,-2.1680154800415,-1.9459183216095,-1.76977610588074,-1.39111697673798,0.0
Saint Lucia,0.54412841796875,0.0738346204161644,1.01801919937134,0.3971788585186,0.605028092861176,0.862668752670288,
Liechtenstein,1.71017241477966,1.62781953811646,1.61275815963745,1.62123084068298,1.71267354488373,1.4039351940155,
Sri Lanka,-0.383976995944977,-0.25227889418602,-0.508541285991669,-0.507761836051941,-0.0906768143177032,-0.231143683195114,1.0
Lesotho,-0.509478509426117,-0.953606307506561,-0.30576080083847,-0.590149462223053,-0.480017185211182,0.0299380328506231,1.0
Lithuania,0.781545519828796,1.05012118816376,0.742111504077911,1.33804214000702,1.26719617843628,1.07111299037933,1.0
Luxembourg,1.92665910720825,1.91421329975128,1.05400168895721,1.92906320095062,1.75243473052979,1.63266289234161,1.0
Latvia,0.698113977909088,0.696560978889465,0.591089129447937,1.17222261428833,1.03986096382141,0.993027687072754,1.0
Macao,0.849051773548126,1.08997046947479,1.07105338573456,1.79425728321075,0.783238708972931,-0.509288549423218,
Saint Martin (French part),,,,,,,
Morocco,-0.536348581314087,-0.0359151102602482,-0.367761224508286,-0.0642079934477806,-0.127505928277969,-0.489260077476501,0.0
Monaco,1.25135612487793,2.02295255661011,1.18497908115387,1.35054576396942,1.47689890861511,0.65396785736084,
"Moldova, Republic of",-0.28033846616745,-0.164951995015144,-0.683699607849121,0.105498053133488,-0.152658581733704,0.236791402101517,1.0
Madagascar,-1.00018215179443,-1.02277612686157,-0.690745651721954,-0.799546599388123,-0.974946022033691,-0.319516479969025,0.0
Maldives,-0.396943330764771,-0.127973482012749,0.53012090921402,-0.672039389610291,-0.0786015242338181,-0.137529924511909,1.0
Mexico,-1.02057874202728,-0.198361441493034,-0.630761027336121,-0.171988308429718,-0.806393921375275,-0.115086063742638,1.0
Marshall Islands,0.411750495433807,0.069975346326828,1.18497908115387,-0.422844558954239,0.676997244358063,1.12555754184723,
North Macedonia,-0.34861546754837,-0.0513173453509808,0.170306503772736,0.427339255809784,-0.168044894933701,0.162697300314903,1.0
Mali,-0.861831545829773,-1.13859808444977,-2.7291362285614,-0.679561257362366,-0.977649748325348,-1.01174712181091,0.0
Malta,0.10974658280611,0.397335052490234,0.858121693134308,0.687359094619751,0.702327609062195,0.913654506206512,1.0
Myanmar,-1.21649932861328,-1.75280201435089,-2.12527012825012,-1.43684935569763,-1.61694085597992,-1.84359860420227,0.0
Montenegro,-0.0793098732829094,0.247063115239143,0.0693022906780243,0.374201148748398,-0.0421564690768719,0.342006295919418,1.0
Mongolia,-0.492604404687881,-0.47153577208519,0.592669785022736,-0.175534680485725,-0.184480711817741,0.250342100858688,1.0
Northern Mariana Islands,,,,,,,
Mozambique,-0.828437745571136,-0.716628909111023,-1.26869130134583,-0.708528399467468,-1.02632343769073,-0.593393087387085,0.0
Mauritania,-0.822652637958527,-0.763598620891571,-0.503423988819122,-0.997108280658722,-0.639136493206024,-0.656128466129303,0.0
Montserrat,,,,,,,
Martinique,0.61644971370697,0.654167771339417,0.512399971485138,0.931279718875885,0.683675646781921,,
Mauritius,0.453197360038757,0.710137605667114,0.775418817996979,1.06447863578796,0.805268526077271,0.615706980228424,1.0
Malawi,-0.602811515331268,-0.859506547451019,-0.235615640878677,-0.772310614585876,-0.155495509505272,0.0756149441003799,1.0
Malaysia,0.295621365308762,0.875369668006897,0.16851469874382,0.660894274711609,0.571915447711945,0.0876194089651108,0.0
Mayotte,,,,,,,
Namibia,0.110072031617165,0.0308966562151909,0.54477721452713,-0.0622607916593552,0.445467591285706,0.583879411220551,1.0
New Caledonia,,,,,,,
Niger,-0.563843965530396,-0.640915930271149,-1.66885960102081,-0.816925287246704,-0.70808869600296,-0.695484280586243,1.0
Norfolk Island,,,,,,,
Nigeria,-1.04097437858582,-0.847906708717346,-1.7684383392334,-0.936865150928497,-0.887689292430878,-0.548258185386658,0.0
Nicaragua,-1.38844013214111,-1.08494555950165,-0.125550046563148,-0.878058850765228,-1.27818691730499,-1.38733541965485,0.0
Niue,-0.181205108761787,1.1558963060379,,0.110037498176098,-0.530868053436279,,
Netherlands,1.86710047721863,1.62553191184998,0.658281981945038,1.79096639156342,1.64250445365906,1.55626440048218,1.0
Norway,2.11352157592773,1.79993534088135,0.892857432365417,1.59752345085144,1.83398151397705,1.77725434303284,1.0
Nepal,-0.50792795419693,-0.807803750038147,-0.226184993982315,-0.661413729190826,-0.462669461965561,-0.0231158602982759,1.0
Nauru,0.58861643075943,-0.0678080692887306,0.976578056812286,0.0095858573913574,-0.0184109006077051,0.640493810176849,
New Zealand,2.08409547805786,1.5299768447876,1.35856962203979,1.91022837162018,1.70570802688599,1.68778347969055,1.0
Oman,0.215157955884933,0.274613231420517,0.586623668670654,0.434537470340729,0.612812101840973,-1.00440359115601,0.0
Pakistan,-0.999357461929321,-0.577790379524231,-1.93273079395294,-0.901008188724518,-0.859885513782501,-0.959140300750732,0.0
Panama,-0.62809419631958,-0.209720730781555,0.213101848959923,0.118782818317413,-0.3459812104702,0.547549784183502,1.0
Pitcairn,,,,,,,
Peru,-0.721040904521942,-0.491872787475586,-0.52178555727005,0.292205184698105,-0.538132667541504,0.060481496155262,1.0
Philippines,-0.537639975547791,0.154091909527779,-0.566050469875336,0.16425496339798,-0.41814711689949,-0.0168379731476307,0.0
Palau,0.58861643075943,0.442303985357285,1.0807785987854,0.401355355978012,0.935467779636383,1.08513557910919,
Papua New Guinea,-0.657154023647308,-0.802389979362488,-0.478844821453094,-0.642708241939545,-0.539805591106415,0.0050111226737499,0.0
Poland,0.565399944782257,0.421437799930573,0.559584558010101,0.780193567276001,0.458741247653961,0.626450896263123,1.0
Puerto Rico,0.0196014605462551,-0.389062345027924,0.510210990905762,0.637854039669037,0.4935282766819,0.453455924987793,
"Korea, Democratic People's Republic of",-1.58447635173798,-1.48409974575043,-0.366169571876526,-2.38633036613464,-1.64286839962006,-1.97920870780945,0.0
Portugal,0.696312069892883,0.987550020217896,0.712578117847443,0.755356550216675,1.06766510009766,1.21128296852112,1.0
Paraguay,-1.05772292613983,-0.462065368890762,0.0820416286587715,-0.0789393484592438,-0.582174599170685,0.042024303227663,1.0
"Palestine, State of",-0.676133513450623,-1.20955741405487,-1.86521852016449,-0.279209315776825,-0.682804763317108,-1.11806666851044,0.0
French Polynesia,,,,,,,
Qatar,0.702209830284119,1.19741261005402,0.993381142616272,0.977040886878967,0.932885050773621,-0.970600128173828,0.0
Réunion,0.61644971370697,0.654167771339417,0.0492217652499676,0.931279718875885,0.683675646781921,,
Romania,0.0404953435063362,-0.0926659479737282,0.373643964529037,0.318900614976883,0.437425792217255,0.503180325031281,1.0
Russian Federation,-1.10467827320099,-0.712461888790131,-1.13433384895325,-1.12207186222076,-1.18764269351959,-1.2855396270752,0.0
Rwanda,0.671653091907501,0.388362646102905,0.108091473579407,0.124717451632023,0.205150455236435,-0.902328312397003,0.0
Saudi Arabia,0.536042988300323,0.796441078186035,-0.213224530220032,0.517070889472961,0.414570838212967,-1.41669249534607,0.0
Sudan,-1.50206708908081,-1.97706210613251,-2.46693897247314,-1.6031391620636,-1.6741771697998,-1.60484826564789,0.0
Senegal,0.0578322261571884,0.0696751922369003,-0.138591378927231,-0.345079481601715,-0.273632854223251,0.133976578712463,1.0
Singapore,2.04018402099609,2.31747198104858,1.42420423030853,2.30859136581421,1.75317537784576,-0.0654119327664375,0.0
South Georgia and the South Sandwich Islands,,,,,,,
"Saint Helena, Ascension and Tristan da Cunha",,,,,,,
Svalbard and Jan Mayen,,,,,,,
Solomon Islands,-0.134710744023323,-0.733603537082672,0.445870101451874,-0.780060708522797,-0.262915134429932,0.340079069137573,1.0
Sierra Leone,-0.574557840824127,-1.1555837392807,-0.238688722252846,-1.06417989730835,-0.832963287830353,-0.296392291784286,0.0
El Salvador,-0.561315059661865,0.0504390224814415,0.0023323998320847,-0.307905405759811,-0.369357317686081,-0.474436670541763,0.0
San Marino,1.25135612487793,1.20168173313141,1.18497908115387,0.931279718875885,1.47689890861511,1.24682343006134,
Somalia,-1.73283362388611,-1.98020255565643,-2.37760090827942,-1.87981820106506,-2.21200466156006,-1.66268134117126,0.0
Saint Pierre and Miquelon,,,,,,,
Serbia,-0.447204262018204,0.0076343188993632,-0.0391097068786621,0.137915700674057,-0.0745044872164726,-0.0550001598894596,0.0
South Sudan,-1.96955537796021,-2.32788825035095,-2.18610787391663,-2.11724495887756,-2.13823580741882,-1.68417978286743,0.0
Sao Tome and Principe,0.360224694013596,-0.90243524312973,0.44070503115654,-0.940236151218414,-0.694839358329773,0.252305746078491,1.0
Suriname,-0.404351592063904,-0.967238128185272,0.412738472223282,-0.728055536746979,-0.0622574500739574,0.353224784135818,1.0
Slovakia,0.292565286159515,0.229512304067612,0.573219299316406,0.601919114589691,0.603365182876587,0.912476003170013,1.0
Slovenia,0.776647090911865,1.03929400444031,0.818632841110229,0.731421768665314,1.03880786895752,1.07909941673279,1.0
Sweden,2.0282461643219,1.60138332843781,0.758365273475647,1.71801710128784,1.60402345657349,1.57483160495758,1.0
Eswatini,-0.73498547077179,-0.884958326816559,-0.357591271400452,-0.717471897602081,-0.597746074199677,-1.16463816165924,0.0
Sint Maarten (Dutch part),,,,,,,
Seychelles,1.62884771823883,0.624744176864624,0.763500511646271,0.211075112223625,0.432935118675232,0.556410670280457,1.0
Syrian Arab Republic,-1.7502247095108,-1.78816211223602,-2.75060677528381,-1.81011295318604,-2.03518009185791,-1.85418260097504,0.0
Turks and Caicos Islands,,,,,,,
Chad,-1.48240697383881,-1.4791487455368,-1.55946290493011,-1.15642070770264,-1.35423922538757,-1.43493866920471,0.0
Togo,-0.619174957275391,-0.578052043914795,-0.954195141792297,-0.493230193853378,-0.527499735355377,-0.782707870006561,0.0
Thailand,-0.489050775766373,0.171705812215805,-0.280302882194519,0.158257782459259,0.244872748851776,-0.450371354818344,0.0
Tajikistan,-1.37873339653015,-0.772318005561829,-0.47282150387764,-1.17822289466858,-1.27723121643066,-1.63467013835907,0.0
Tokelau,,,,,,,
Turkmenistan,-1.42362427711487,-1.2064995765686,-0.111424535512924,-2.06809759140015,-1.48657822608948,-1.88326275348663,0.0
Timor-Leste,-0.22670416533947,-0.841954410076141,0.260184526443481,-0.487927585840225,-0.834021985530853,0.433426916599274,1.0
Tonga,-0.308315753936768,-0.115239478647709,1.08757400512695,-0.393207430839539,0.548529505729675,0.870985329151154,
Trinidad and Tobago,-0.374148547649384,-0.0436432547867298,0.401362389326096,-0.130735039710999,-0.283585637807846,0.620708882808685,1.0
Tunisia,-0.341899782419205,-0.300515085458755,-0.630951106548309,-0.6191326379776,-0.138983190059662,-0.21289698779583,0.0
Türkiye,-0.50248908996582,-0.247911587357521,-1.01108038425446,-0.229510217905045,-0.511972904205322,-0.860576987266541,0.0
Tuvalu,0.646379947662354,-0.449751287698746,1.18908190727234,-0.190622672438622,1.01082408428192,1.22353219985962,
"Taiwan, Province of China",1.20336866378784,1.47769176959991,0.763789355754852,1.45169568061829,1.26053261756897,1.09658741950989,1.0
"Tanzania, United Republic of",-0.319897323846817,-0.455080926418304,-0.0527516007423401,-0.588394701480865,-0.373498290777206,-0.533726751804352,0.0
Uganda,-1.04257476329803,-0.549508571624756,-0.69550609588623,-0.517365336418152,-0.474925845861435,-0.695845246315002,0.0
Ukraine,-0.686146318912506,-0.357320100069046,-1.42982339859009,-0.266427397727966,-0.888317406177521,-0.100543133914471,1.0
United States Minor Outlying Islands,,,,,,,
Uruguay,1.57394731044769,0.850249707698822,0.964887142181396,0.675111055374146,0.717662572860718,1.28379380702972,1.0
United States,1.12343263626099,1.21720099449158,0.029424749314785,1.39373278617859,1.3276778459549,0.877519071102142,1.0
Uzbekistan,-0.807529330253601,-0.283767521381378,-0.154609963297844,-0.576817333698273,-0.832810997962952,-1.30965662002563,0.0
Holy See (Vatican City State),,,,,,,
Saint Vincent and the Grenadines,0.737308144569397,0.0738346204161644,1.01801919937134,0.317606389522552,0.57221245765686,0.831284880638123,
"Venezuela, Bolivarian Republic of",-1.69000518321991,-1.599200963974,-1.18902802467346,-2.02624750137329,-2.15153360366821,-1.5313206911087,0.0
"Virgin Islands, British",,,,,,,
"Virgin Islands, U.S.",-0.018456656485796,0.654167771339417,0.534723103046417,1.35054576396942,0.948083341121674,,
Viet Nam,-0.415814280509949,0.126466900110245,-0.0363807342946529,-0.382607728242874,-0.0854718759655952,-1.24185371398926,0.0
Vanuatu,-0.0148651544004679,-0.568605482578278,0.932254612445831,-0.119526423513889,0.141380533576012,0.627497434616089,1.0
Wallis and Futuna,,,,,,,
Samoa,0.727086067199707,0.492577105760574,1.09818840026855,-0.270534545183182,0.900673031806946,1.01960289478302,
Yemen,-1.64893329143524,-2.27542042732239,-2.56293869018555,-1.8430507183075,-1.83897626399994,-1.55021691322327,0.0
South Africa,-0.284670442342758,-0.256946682929993,-0.665642023086548,-0.223697945475578,0.0862350836396217,0.744892179965973,1.0
Zambia,-0.477706879377365,-0.658970057964325,0.201727285981178,-0.49810004234314,-0.529127418994904,-0.0479462631046772,0.0
Zimbabwe,-1.26121604442596,-1.17033493518829,-0.934447467327118,-1.33835864067078,-1.27714252471924,-1.09263300895691,0.0
